x,y,class
664159,550946,b'14'
665845,557965,b'14'
597173,575538,b'14'
618600,551446,b'14'
635690,608046,b'14'
588100,557588,b'14'
582015,546191,b'14'
604678,574577,b'14'
572029,518313,b'14'
604737,574591,b'14'
577728,587566,b'14'
602013,574722,b'14'
627968,574625,b'14'
607269,536961,b'14'
603145,574795,b'14'
671919,571761,b'14'
612184,570393,b'14'
600032,575310,b'14'
627912,593892,b'14'
601967,604428,b'14'
591851,569051,b'14'
601444,572693,b'14'
629718,558104,b'14'
661430,603567,b'14'
597551,556737,b'14'
601182,582584,b'14'
562704,570596,b'14'
605107,563429,b'14'
607214,575069,b'14'
568824,570203,b'14'
612485,518009,b'14'
589244,573777,b'14'
625579,551084,b'14'
560237,500154,b'14'
626224,569687,b'14'
610666,551701,b'14'
597428,569940,b'14'
600582,599535,b'14'
604168,555003,b'14'
613871,550423,b'14'
617310,551945,b'14'
625728,579460,b'14'
606300,566708,b'14'
638559,558807,b'14'
582176,630383,b'14'
544056,577786,b'14'
631297,578351,b'14'
561574,621747,b'14'
604973,574773,b'14'
605284,556134,b'14'
617910,592293,b'14'
555904,640401,b'14'
526559,509417,b'14'
603849,572396,b'14'
598634,619900,b'14'
603359,589262,b'14'
657455,567754,b'14'
614279,599251,b'14'
578496,631434,b'14'
645171,595209,b'14'
688015,533535,b'14'
656477,573007,b'14'
540029,563888,b'14'
597418,538362,b'14'
613545,574733,b'14'
628696,542447,b'14'
604157,574191,b'14'
603126,497987,b'14'
605850,533310,b'14'
596179,529556,b'14'
610330,552628,b'14'
598184,531473,b'14'
620438,511694,b'14'
600202,622079,b'14'
603021,577991,b'14'
515612,540643,b'14'
606548,574376,b'14'
593490,623110,b'14'
607084,595500,b'14'
583728,563146,b'14'
616044,533807,b'14'
624452,584622,b'14'
604438,574666,b'14'
625709,660145,b'14'
601376,579831,b'14'
565148,557305,b'14'
639418,537903,b'14'
612799,537497,b'14'
583653,652182,b'14'
599808,596484,b'14'
605250,573272,b'14'
606738,601356,b'14'
611044,571814,b'14'
575440,568511,b'14'
616329,529516,b'14'
605927,572533,b'14'
609286,586782,b'14'
647354,579190,b'14'
606929,571420,b'14'
562920,559223,b'14'
680357,620811,b'14'
707100,601463,b'14'
604294,574368,b'14'
614917,600946,b'14'
611508,503220,b'14'
603789,574474,b'14'
551740,588768,b'14'
546031,570429,b'14'
569197,559307,b'14'
688712,568754,b'14'
604067,574091,b'14'
606809,572101,b'14'
588597,622592,b'14'
613840,534167,b'14'
576263,547239,b'14'
597077,568196,b'14'
601339,571609,b'14'
606011,569426,b'14'
593398,559764,b'14'
593166,622725,b'14'
609796,532982,b'14'
712648,607541,b'14'
585048,505097,b'14'
525967,565687,b'14'
660327,585901,b'14'
607604,573951,b'14'
604001,573587,b'14'
591484,571087,b'14'
613868,585089,b'14'
645464,660478,b'14'
538571,654649,b'14'
555429,604551,b'14'
597620,586226,b'14'
586097,567445,b'14'
545235,539822,b'14'
649088,575733,b'14'
599123,616977,b'14'
563763,559454,b'14'
617717,613939,b'14'
618869,577243,b'14'
567188,560044,b'14'
636628,533309,b'14'
560362,567914,b'14'
595014,632844,b'14'
605876,550640,b'14'
604352,573425,b'14'
600679,599545,b'14'
596891,579476,b'14'
614943,540976,b'14'
604415,571400,b'14'
603698,573585,b'14'
658199,568743,b'14'
598759,582942,b'14'
671269,590258,b'14'
593317,534085,b'14'
657985,453405,b'13'
608557,590278,b'14'
623004,508050,b'14'
601900,569391,b'14'
641031,593074,b'14'
589658,640498,b'14'
567565,573952,b'14'
559078,570088,b'14'
639431,588155,b'14'
566609,537592,b'14'
568570,579335,b'14'
660650,615038,b'14'
667639,571164,b'14'
596796,529933,b'14'
606111,617846,b'14'
616060,590779,b'14'
602873,527864,b'14'
571334,594145,b'14'
602167,543919,b'14'
605100,573307,b'14'
546640,560043,b'14'
585195,555011,b'14'
651740,589474,b'14'
589112,536573,b'14'
582057,543124,b'14'
690968,555952,b'14'
609030,552436,b'14'
632125,541413,b'14'
603445,630598,b'14'
628264,616214,b'14'
577242,574073,b'14'
604090,574392,b'14'
607911,576556,b'14'
600665,638890,b'14'
600117,539079,b'14'
631182,565466,b'14'
695646,652231,b'14'
619445,567491,b'14'
613191,571942,b'14'
567428,580005,b'14'
590583,623314,b'14'
606289,670243,b'14'
585175,574133,b'14'
634967,579020,b'14'
614615,574437,b'14'
593061,579188,b'14'
606933,576409,b'14'
606587,573873,b'14'
594084,629464,b'14'
683697,581516,b'14'
601530,577183,b'14'
603055,589818,b'14'
616561,619007,b'14'
607463,477085,b'13'
611581,572630,b'14'
579712,568354,b'14'
602887,595245,b'14'
600039,557139,b'14'
605913,579526,b'14'
579773,568698,b'14'
606324,544357,b'14'
605958,573728,b'14'
606144,575076,b'14'
667472,570571,b'14'
580048,565009,b'14'
597802,576113,b'14'
610263,574422,b'14'
603855,575180,b'14'
624369,532153,b'14'
599870,591110,b'14'
577167,617095,b'14'
658403,611332,b'14'
563460,480559,b'13'
610980,522819,b'14'
569422,567790,b'14'
627727,578737,b'14'
592804,584539,b'14'
540783,626497,b'14'
591823,639096,b'14'
637323,549567,b'14'
638078,629421,b'14'
611315,560757,b'14'
647103,573853,b'14'
522993,595581,b'14'
601187,531825,b'14'
533799,564377,b'14'
649034,528813,b'14'
620975,564344,b'14'
622407,583192,b'14'
597026,642918,b'14'
551291,576721,b'14'
608768,610525,b'14'
697959,614701,b'14'
658281,582264,b'14'
546632,599204,b'14'
672565,564468,b'14'
636500,587401,b'14'
696144,548705,b'14'
533551,582247,b'14'
526802,551524,b'14'
553038,606418,b'14'
696601,603624,b'14'
588964,597435,b'14'
716139,621721,b'14'
608529,586311,b'14'
557378,567033,b'14'
589994,610890,b'14'
589344,563119,b'14'
624415,515911,b'14'
565483,551512,b'14'
584895,574666,b'14'
582777,542670,b'14'
639394,576728,b'14'
608298,573748,b'14'
663578,586265,b'14'
628080,562986,b'14'
597421,554767,b'14'
595193,576508,b'14'
658103,572250,b'14'
659529,498474,b'14'
606415,581386,b'14'
641976,577433,b'14'
587466,564953,b'14'
589180,595099,b'14'
601885,573083,b'14'
580561,528916,b'14'
621726,578003,b'14'
558817,576255,b'14'
620213,574468,b'14'
594010,570095,b'14'
541976,512639,b'14'
593840,578685,b'14'
602667,575857,b'14'
631446,561156,b'14'
596481,567449,b'14'
611318,581584,b'14'
568546,564911,b'14'
593865,572987,b'14'
597017,575588,b'14'
578804,573582,b'14'
673750,594081,b'14'
592714,553958,b'14'
594029,586701,b'14'
668502,563937,b'14'
629533,537542,b'14'
801539,318482,b'3'
801667,318542,b'3'
814045,332998,b'3'
800479,321640,b'3'
757470,224976,b'3'
844536,424646,b'6'
797105,316002,b'3'
779956,271501,b'3'
797205,313318,b'3'
801323,316240,b'3'
783666,262902,b'3'
806131,312752,b'3'
830658,368694,b'3'
802482,335269,b'3'
801910,325434,b'3'
808062,337340,b'3'
789833,304422,b'3'
803603,327255,b'3'
800865,312968,b'3'
802237,318526,b'3'
803959,315173,b'3'
800123,312312,b'3'
780927,285057,b'3'
797242,324588,b'3'
801551,320544,b'3'
809182,319115,b'3'
801931,317202,b'3'
870801,476330,b'6'
820327,352701,b'3'
801093,317509,b'3'
798523,324500,b'3'
805237,318655,b'3'
803375,311620,b'3'
801441,323812,b'3'
797313,317527,b'3'
788220,301915,b'3'
790395,300024,b'3'
817135,349925,b'3'
797787,301470,b'3'
804630,332333,b'3'
808710,330379,b'3'
802111,320817,b'3'
796375,309563,b'3'
819768,346596,b'3'
814605,354382,b'3'
800565,319364,b'3'
802089,313456,b'3'
814401,341234,b'3'
796609,319691,b'3'
776131,248465,b'3'
803464,329093,b'3'
802646,317894,b'3'
809550,327365,b'3'
795322,311178,b'3'
830450,393096,b'3'
778414,260729,b'3'
800041,318331,b'3'
802814,320130,b'3'
802738,312234,b'3'
823913,369439,b'3'
803386,318982,b'3'
812869,346251,b'3'
798904,324420,b'3'
800447,331643,b'3'
807446,342555,b'3'
804251,329956,b'3'
797594,302109,b'3'
803448,314797,b'3'
765502,240340,b'3'
795527,315510,b'3'
794640,313497,b'3'
808717,335740,b'3'
790932,305223,b'3'
816852,352965,b'3'
826228,376658,b'3'
795299,312036,b'3'
808686,332209,b'3'
809594,344872,b'3'
799275,324108,b'3'
878184,487392,b'6'
798472,322218,b'3'
824822,367091,b'3'
746769,205186,b'3'
756701,207223,b'3'
795489,287279,b'3'
800483,320713,b'3'
783491,288029,b'3'
797162,306135,b'3'
800272,316170,b'3'
806827,324616,b'3'
802853,314938,b'3'
800804,316615,b'3'
813173,354777,b'3'
801588,319814,b'3'
797400,315778,b'3'
823840,368410,b'3'
811391,343836,b'3'
801055,321833,b'3'
804038,306622,b'3'
803780,334441,b'3'
834173,386159,b'3'
802784,313853,b'3'
807293,347456,b'3'
817119,336333,b'3'
786635,269352,b'3'
824624,381716,b'3'
797415,319840,b'3'
800772,325023,b'3'
806626,318966,b'3'
800845,311838,b'3'
769386,259892,b'3'
797272,324228,b'3'
807409,325526,b'3'
795836,291870,b'3'
798321,319665,b'3'
805372,313397,b'3'
790738,308028,b'3'
800667,315995,b'3'
795205,316433,b'3'
809054,345541,b'3'
808452,320117,b'3'
779897,279572,b'3'
782642,275308,b'3'
797569,321799,b'3'
801751,318110,b'3'
787644,297715,b'3'
807401,314610,b'3'
800677,310656,b'3'
800394,301473,b'3'
795571,310093,b'3'
814158,335578,b'3'
811913,325091,b'3'
806982,316680,b'3'
775604,274485,b'3'
800133,327081,b'3'
806511,313841,b'3'
803796,314893,b'3'
802012,318315,b'3'
826789,377676,b'3'
814108,344096,b'3'
804354,309671,b'3'
807017,330432,b'3'
803774,334756,b'3'
817410,346944,b'3'
841928,398948,b'3'
816145,349032,b'3'
818622,370753,b'3'
786245,292352,b'3'
784164,285702,b'3'
805390,319676,b'3'
790774,303642,b'3'
803277,319525,b'3'
833182,379714,b'3'
773023,251826,b'3'
801609,320399,b'3'
778965,282290,b'3'
814317,333112,b'3'
805080,323708,b'3'
801080,318049,b'3'
799724,318884,b'3'
798059,316113,b'3'
806176,320301,b'3'
769876,257669,b'3'
825716,373098,b'3'
791983,298565,b'3'
801386,313545,b'3'
804871,317801,b'3'
810903,332925,b'3'
838276,395673,b'3'
810543,341180,b'3'
777978,252419,b'3'
820258,351165,b'3'
801997,319385,b'3'
779437,281959,b'3'
810253,323873,b'3'
794826,309589,b'3'
814280,344223,b'3'
832651,373469,b'3'
794142,306704,b'3'
802041,319504,b'3'
804190,320706,b'3'
798983,325682,b'3'
840462,402858,b'3'
799912,323363,b'3'
804119,328544,b'3'
804358,320802,b'3'
803057,331037,b'3'
803031,325811,b'3'
784151,283760,b'3'
800444,311497,b'3'
802004,317772,b'3'
803470,319069,b'3'
811277,335577,b'3'
803332,315488,b'3'
800037,317963,b'3'
813436,360446,b'3'
800694,316789,b'3'
838129,404012,b'3'
764997,249477,b'3'
800316,311699,b'3'
806848,320541,b'3'
805462,317833,b'3'
798308,312788,b'3'
802655,316263,b'3'
801456,320080,b'3'
801309,318213,b'3'
840886,397888,b'3'
829529,375007,b'3'
830805,370801,b'3'
804979,334141,b'3'
804013,316083,b'3'
808489,317021,b'3'
770113,241615,b'3'
804332,319006,b'3'
833661,389733,b'3'
797834,297329,b'3'
794956,309980,b'3'
801232,307078,b'3'
809552,342258,b'3'
794615,305632,b'3'
809259,345634,b'3'
811502,355939,b'3'
801301,316893,b'3'
803370,318247,b'3'
804702,315881,b'3'
797009,293194,b'3'
813791,334609,b'3'
812965,330224,b'3'
826048,374236,b'3'
800959,322309,b'3'
803405,317316,b'3'
802254,320673,b'3'
783116,265635,b'3'
798633,317300,b'3'
801482,327644,b'3'
798612,326404,b'3'
799001,302014,b'3'
802537,312497,b'3'
799794,315080,b'3'
793892,313943,b'3'
804691,332987,b'3'
793855,298525,b'3'
796952,318633,b'3'
800655,320227,b'3'
801780,318992,b'3'
805977,320805,b'3'
796916,323332,b'3'
820904,351763,b'3'
808405,318841,b'3'
765283,249459,b'3'
824212,363776,b'3'
798981,311092,b'3'
797178,310439,b'3'
800582,316980,b'3'
803839,310353,b'3'
796283,315582,b'3'
801145,317601,b'3'
801662,318423,b'3'
801782,318281,b'3'
803377,319212,b'3'
803932,318781,b'3'
806192,337849,b'3'
789583,287700,b'3'
801586,318947,b'3'
804251,331304,b'3'
799667,316830,b'3'
759789,229116,b'3'
799021,326404,b'3'
793684,312065,b'3'
806320,315242,b'3'
786234,267976,b'3'
821151,366545,b'3'
801903,312794,b'3'
782506,279930,b'3'
803627,319323,b'3'
794991,291216,b'3'
794667,315069,b'3'
799291,317500,b'3'
798243,324160,b'3'
804408,337683,b'3'
818119,348676,b'3'
810502,336169,b'3'
793560,285392,b'3'
801326,315779,b'3'
808644,326320,b'3'
813645,328765,b'3'
800966,317165,b'3'
797111,302781,b'3'
802431,322048,b'3'
811061,333595,b'3'
786719,283364,b'3'
773955,239849,b'3'
803701,321815,b'3'
783110,289805,b'3'
800235,316652,b'3'
807421,317527,b'3'
797947,319734,b'3'
805035,317469,b'3'
801166,322298,b'3'
846693,429031,b'6'
801493,322249,b'3'
806087,326636,b'3'
810657,329468,b'3'
801313,300606,b'3'
800390,309948,b'3'
801634,318965,b'3'
799197,314215,b'3'
795254,296488,b'3'
807696,320548,b'3'
800461,326821,b'3'
801174,320442,b'3'
809781,326904,b'3'
826585,366934,b'3'
804429,312164,b'3'
788005,292268,b'3'
801183,316191,b'3'
378274,816341,b'1'
406233,813072,b'1'
401478,785370,b'1'
448651,847994,b'1'
434440,822866,b'1'
369199,734895,b'1'
413241,771595,b'1'
369418,733394,b'1'
378563,789670,b'1'
424190,780052,b'1'
415993,776671,b'1'
421352,799127,b'1'
432656,783776,b'1'
383032,788008,b'1'
414377,771258,b'1'
425260,773661,b'1'
469139,810971,b'1'
442979,803024,b'1'
347079,803582,b'1'
412797,803180,b'1'
352874,807952,b'1'
442286,755194,b'1'
416433,786159,b'1'
419700,793447,b'1'
422961,821595,b'1'
400008,789447,b'1'
429586,775621,b'1'
457561,788245,b'1'
415417,785827,b'1'
389552,750700,b'1'
415598,786499,b'1'
443447,783977,b'1'
404792,749210,b'1'
389392,730768,b'1'
473485,847098,b'1'
491614,778997,b'1'
437483,785130,b'1'
452570,848127,b'1'
417197,778243,b'1'
405986,787439,b'1'
437568,794323,b'1'
420319,794333,b'1'
418963,746595,b'1'
469422,822619,b'1'
397688,762902,b'1'
418149,790096,b'1'
407289,798870,b'1'
360319,778673,b'1'
473799,795167,b'1'
445199,763833,b'1'
446537,828924,b'1'
410019,732704,b'1'
396540,815936,b'1'
407694,718592,b'1'
417091,792545,b'1'
442260,754050,b'1'
411526,784658,b'1'
407814,765816,b'1'
394022,803914,b'1'
481133,781413,b'1'
396118,794614,b'1'
458538,786673,b'1'
419721,789724,b'1'
424476,781552,b'1'
377720,727349,b'1'
448336,789445,b'1'
412227,787450,b'1'
408745,824896,b'1'
417016,774869,b'1'
395274,786698,b'1'
412541,806622,b'1'
412109,735920,b'1'
407023,787385,b'1'
376660,815936,b'1'
396548,784388,b'1'
508535,830710,b'1'
414014,816460,b'1'
440782,782395,b'1'
436951,814456,b'1'
393758,750953,b'1'
418410,795929,b'1'
425991,787029,b'1'
414562,787355,b'1'
408712,803987,b'1'
377858,811790,b'1'
417169,792321,b'1'
460371,780609,b'1'
388873,746909,b'1'
395641,808571,b'1'
386436,791388,b'1'
440667,768761,b'1'
438437,730300,b'1'
370839,727884,b'1'
422917,781112,b'1'
391555,789079,b'1'
402666,814060,b'1'
474368,812039,b'1'
406176,760860,b'1'
463768,793154,b'1'
446307,796523,b'1'
402309,786873,b'1'
413946,786971,b'1'
425053,790566,b'1'
416926,785113,b'1'
424023,737453,b'1'
417447,782955,b'1'
415672,787824,b'1'
416019,787562,b'1'
417515,787648,b'1'
459230,803720,b'1'
447833,819282,b'1'
418199,851439,b'1'
417393,771537,b'1'
441415,780207,b'1'
399634,751940,b'1'
373360,784232,b'1'
419227,779215,b'1'
434717,808225,b'1'
397669,792218,b'1'
412028,773494,b'1'
407504,803363,b'1'
365147,790525,b'1'
459328,805961,b'1'
429472,860855,b'1'
480128,785580,b'1'
344915,702496,b'1'
410969,770451,b'1'
407460,791404,b'1'
420476,750495,b'1'
397747,792207,b'1'
408428,771823,b'1'
397806,749559,b'1'
426040,825049,b'1'
407565,766203,b'1'
414317,828815,b'1'
410610,765111,b'1'
412388,784064,b'1'
406337,750353,b'1'
422419,754048,b'1'
416039,730594,b'1'
414512,793966,b'1'
398478,822297,b'1'
424375,721868,b'1'
403890,792420,b'1'
400902,772920,b'1'
402367,782997,b'1'
472917,830363,b'1'
418621,840463,b'1'
329002,727685,b'1'
418618,811618,b'1'
425356,745471,b'1'
470922,770669,b'1'
400598,790903,b'1'
412851,774986,b'1'
492415,829655,b'1'
400079,749617,b'1'
417673,785965,b'1'
424720,768456,b'1'
386415,801444,b'1'
426689,788562,b'1'
430747,776261,b'1'
405714,781619,b'1'
429220,787348,b'1'
427850,762201,b'1'
434080,785264,b'1'
473514,788780,b'1'
412386,777312,b'1'
430686,844506,b'1'
409142,811927,b'1'
422198,724557,b'1'
392185,713763,b'1'
412677,786951,b'1'
399149,784376,b'1'
382693,749680,b'1'
527515,831478,b'1'
448519,805219,b'1'
430779,770145,b'1'
413556,758080,b'1'
392140,769924,b'1'
416855,794023,b'1'
389713,772742,b'1'
398498,776720,b'1'
473727,807244,b'1'
389410,788256,b'1'
377230,790154,b'1'
415564,784464,b'1'
456799,844976,b'1'
444336,820061,b'1'
404359,783919,b'1'
453154,776082,b'1'
425019,759577,b'1'
415895,775793,b'1'
420083,787815,b'1'
506612,858859,b'1'
436648,859634,b'1'
403522,785432,b'1'
401407,759648,b'1'
403852,792473,b'1'
367398,701756,b'1'
412453,784453,b'1'
382124,786262,b'1'
416884,786845,b'1'
448865,836781,b'1'
383821,808301,b'1'
414249,796590,b'1'
457338,789952,b'1'
396276,785999,b'1'
390282,789593,b'1'
409417,758123,b'1'
397561,815245,b'1'
397137,742547,b'1'
402891,801910,b'1'
385257,791581,b'1'
409628,833942,b'1'
369249,797068,b'1'
460942,779073,b'1'
423146,737571,b'1'
420509,788730,b'1'
422736,790806,b'1'
401492,790336,b'1'
394018,799506,b'1'
385140,796221,b'1'
430243,781020,b'1'
416775,806826,b'1'
425796,795608,b'1'
411488,837715,b'1'
433989,765343,b'1'
415806,783594,b'1'
417023,771194,b'1'
415270,775605,b'1'
391163,811977,b'1'
405350,762342,b'1'
414860,773921,b'1'
371779,814715,b'1'
415631,805010,b'1'
387951,813315,b'1'
472691,802678,b'1'
471930,844046,b'1'
432892,815223,b'1'
366654,802105,b'1'
411721,717873,b'1'
426115,814461,b'1'
375997,806621,b'1'
385561,718324,b'1'
375573,809249,b'1'
437958,784801,b'1'
363857,784086,b'1'
430138,818594,b'1'
435085,791564,b'1'
414036,742189,b'1'
425611,793420,b'1'
439793,740773,b'1'
467107,817914,b'1'
387631,749416,b'1'
430001,765803,b'1'
384225,784381,b'1'
417146,822655,b'1'
427371,819417,b'1'
399587,792459,b'1'
474648,778810,b'1'
345692,788190,b'1'
409515,756149,b'1'
469782,780552,b'1'
468229,827985,b'1'
414951,852935,b'1'
409701,750741,b'1'
442826,795974,b'1'
459556,818479,b'1'
423311,813081,b'1'
476144,772131,b'1'
391976,789416,b'1'
448649,813885,b'1'
496658,816784,b'1'
410336,767856,b'1'
430167,811490,b'1'
357467,797530,b'1'
404220,785798,b'1'
446368,763341,b'1'
439514,758221,b'1'
424145,743433,b'1'
470062,771204,b'1'
421187,779726,b'1'
396617,801039,b'1'
394708,739061,b'1'
394912,755947,b'1'
425950,788228,b'1'
408283,806161,b'1'
419520,778231,b'1'
441950,785934,b'1'
409814,836083,b'1'
395817,788858,b'1'
422776,808328,b'1'
363959,810632,b'1'
422943,804253,b'1'
407626,771304,b'1'
347933,797148,b'1'
457554,795861,b'1'
394274,837428,b'1'
445674,768552,b'1'
416359,786189,b'1'
419485,804779,b'1'
376176,795539,b'1'
349378,805118,b'1'
456566,743012,b'1'
484407,809641,b'1'
403329,717870,b'1'
392795,817694,b'1'
372621,772258,b'1'
461751,817277,b'1'
489182,773934,b'1'
427388,815258,b'1'
418155,819422,b'1'
437035,755506,b'1'
416444,783624,b'1'
777811,751059,b'5'
823974,725025,b'5'
749723,781756,b'5'
875160,698897,b'5'
828194,742074,b'5'
800913,749332,b'5'
831165,783383,b'5'
793019,764859,b'5'
810467,706465,b'5'
803540,754792,b'5'
844662,654835,b'5'
803962,731228,b'5'
823065,733789,b'5'
822156,732296,b'5'
811389,723618,b'5'
779936,774397,b'5'
854769,713941,b'5'
803457,735855,b'5'
790712,745884,b'5'
815652,733433,b'5'
841289,701474,b'5'
832054,751330,b'5'
786032,701427,b'5'
824835,704997,b'5'
832886,781206,b'5'
818063,797960,b'5'
857620,709386,b'5'
828589,652430,b'5'
836727,737798,b'5'
776000,780347,b'5'
824098,714042,b'5'
830583,710990,b'5'
862189,735684,b'5'
815131,704478,b'5'
828478,655405,b'5'
784838,771499,b'5'
880362,706363,b'5'
767482,727417,b'5'
825070,734215,b'5'
813781,738344,b'5'
840863,737972,b'5'
840943,739611,b'5'
828276,762021,b'5'
822883,728314,b'5'
854886,769396,b'5'
829623,732301,b'5'
835428,731189,b'5'
818338,800932,b'5'
823417,701523,b'5'
812152,689907,b'5'
829969,699565,b'5'
861563,661642,b'5'
816955,747629,b'5'
774526,757135,b'5'
803577,712231,b'5'
798056,714380,b'5'
881789,727577,b'5'
858867,700187,b'5'
834996,728517,b'5'
839121,736259,b'5'
841045,738224,b'5'
840100,728839,b'5'
874544,686096,b'5'
862334,747768,b'5'
820253,714625,b'5'
817862,732248,b'5'
844729,682981,b'5'
846484,719360,b'5'
793669,724513,b'5'
821906,732848,b'5'
826465,646980,b'5'
820350,748217,b'5'
814540,707227,b'5'
838223,766380,b'5'
869471,745767,b'5'
816054,733183,b'5'
801177,737548,b'5'
848783,748980,b'5'
814105,723255,b'5'
838036,749612,b'5'
840270,725456,b'5'
789601,714058,b'5'
827169,708345,b'5'
789448,738035,b'5'
835030,668528,b'5'
848151,741869,b'5'
816091,747764,b'5'
801511,761094,b'5'
822670,689090,b'5'
873672,734440,b'5'
808153,737136,b'5'
755829,751858,b'5'
814697,729209,b'5'
832758,707452,b'5'
848264,762550,b'5'
799903,784535,b'5'
802674,727804,b'5'
828147,808738,b'5'
820707,705318,b'5'
824594,741664,b'5'
804474,747122,b'5'
823108,733302,b'5'
839514,728923,b'5'
827711,732798,b'5'
851644,721350,b'5'
816390,711340,b'5'
798007,723995,b'5'
790612,738038,b'5'
821909,728448,b'5'
865754,723314,b'5'
735295,814058,b'4'
877711,703850,b'5'
792990,685472,b'5'
809917,762429,b'5'
789388,712210,b'5'
879221,655497,b'5'
876935,684572,b'5'
819439,735945,b'5'
807929,730950,b'5'
850451,764015,b'5'
811748,766105,b'5'
824765,761114,b'5'
848586,789052,b'5'
812231,739235,b'5'
873532,712802,b'5'
842590,716861,b'5'
832798,734777,b'5'
817640,730018,b'5'
824322,744720,b'5'
777697,798253,b'5'
868493,677155,b'5'
805658,698630,b'5'
840349,790707,b'5'
796953,726378,b'5'
832589,782799,b'5'
817441,709397,b'5'
856029,730586,b'5'
805089,762512,b'5'
854628,773470,b'5'
846090,651306,b'5'
796943,674692,b'5'
827192,785316,b'5'
818209,719382,b'5'
795200,786424,b'5'
817777,724927,b'5'
846512,683647,b'5'
825080,746712,b'5'
824674,806300,b'5'
822616,735941,b'5'
805391,732659,b'5'
823250,732088,b'5'
850376,739749,b'5'
821337,733356,b'5'
796786,724615,b'5'
862425,741010,b'5'
825690,703854,b'5'
800872,672603,b'5'
825395,715780,b'5'
843911,730036,b'5'
820238,732928,b'5'
848570,703697,b'5'
825515,738284,b'5'
820367,732364,b'5'
822025,749214,b'5'
837718,761480,b'5'
871723,685520,b'5'
850904,720163,b'5'
816775,739989,b'5'
822103,732911,b'5'
815455,755486,b'5'
835648,756631,b'5'
868626,737331,b'5'
825997,730652,b'5'
817252,730254,b'5'
877906,722361,b'5'
808440,729985,b'5'
791470,751113,b'5'
841654,764836,b'5'
825429,732758,b'5'
751215,828365,b'4'
804706,788001,b'5'
820194,734233,b'5'
869991,705259,b'5'
809779,663654,b'5'
822078,711840,b'5'
866139,717138,b'5'
829379,718721,b'5'
837582,763266,b'5'
783999,732487,b'5'
800231,732106,b'5'
862569,719773,b'5'
838764,652792,b'5'
849343,713993,b'5'
828297,715480,b'5'
821259,750089,b'5'
874643,729921,b'5'
819058,729125,b'5'
817018,729596,b'5'
797804,715342,b'5'
838515,768484,b'5'
829398,724900,b'5'
754841,796342,b'5'
878690,739021,b'5'
821908,732077,b'5'
786495,759000,b'5'
823987,687499,b'5'
787988,741203,b'5'
839339,726322,b'5'
822425,727248,b'5'
854412,725575,b'5'
788351,737539,b'5'
838587,700545,b'5'
840425,762290,b'5'
817395,734126,b'5'
807913,737341,b'5'
872285,750708,b'5'
788166,702817,b'5'
836225,709204,b'5'
822293,786837,b'5'
888892,702505,b'5'
822623,745025,b'5'
795124,696429,b'5'
832238,725434,b'5'
815593,689874,b'5'
843572,784897,b'5'
833716,758772,b'5'
822474,780882,b'5'
801102,759330,b'5'
841752,731595,b'5'
808779,732990,b'5'
822533,758955,b'5'
817807,715863,b'5'
837977,728814,b'5'
801204,755177,b'5'
819628,810748,b'5'
814732,734183,b'5'
832086,716249,b'5'
876503,659112,b'5'
823856,749355,b'5'
819737,737829,b'5'
818756,743887,b'5'
811971,664520,b'5'
801526,705057,b'5'
827031,734324,b'5'
843891,721571,b'5'
810460,735109,b'5'
782368,759352,b'5'
801172,715857,b'5'
866928,716961,b'5'
829673,730398,b'5'
850888,736810,b'5'
786935,732999,b'5'
769656,721159,b'5'
804925,735492,b'5'
870054,738900,b'5'
818932,728481,b'5'
853692,746285,b'5'
807072,687932,b'5'
750459,800215,b'5'
823959,737866,b'5'
835804,710711,b'5'
790206,747165,b'5'
813092,739043,b'5'
801810,728106,b'5'
825404,733788,b'5'
820947,730529,b'5'
827081,694553,b'5'
822664,720677,b'5'
768565,762193,b'5'
823113,733720,b'5'
821079,800206,b'5'
828531,731300,b'5'
820757,738235,b'5'
781260,737962,b'5'
819438,662327,b'5'
833504,744564,b'5'
789552,731946,b'5'
822843,763117,b'5'
775555,719683,b'5'
865084,713697,b'5'
820455,729132,b'5'
849547,738979,b'5'
762269,792243,b'5'
821464,700760,b'5'
824013,753991,b'5'
803369,698753,b'5'
823589,728083,b'5'
796353,710294,b'5'
820083,728310,b'5'
829133,735488,b'5'
823455,747394,b'5'
818542,740451,b'5'
809623,734937,b'5'
841762,777572,b'5'
802184,751958,b'5'
803874,675499,b'5'
830065,739162,b'5'
824140,729074,b'5'
852730,769968,b'5'
866760,753547,b'5'
811031,703822,b'5'
825414,734466,b'5'
816615,770855,b'5'
786227,765634,b'5'
817269,733788,b'5'
809453,736879,b'5'
757421,774445,b'5'
818251,731938,b'5'
788020,765562,b'5'
823618,734216,b'5'
812295,728049,b'5'
837545,696979,b'5'
797918,694723,b'5'
822224,742716,b'5'
821895,732158,b'5'
797233,713358,b'5'
800258,733812,b'5'
813319,737376,b'5'
860951,162251,b'15'
860387,157731,b'15'
857363,154639,b'15'
863391,126214,b'15'
839094,159543,b'15'
849248,164090,b'15'
875990,133950,b'15'
905936,150106,b'15'
895835,123485,b'15'
818079,108536,b'15'
898976,198452,b'15'
869087,153957,b'15'
849653,143827,b'15'
834293,161575,b'15'
844234,153197,b'15'
835128,212354,b'15'
828179,155649,b'15'
875410,128878,b'15'
850965,156224,b'15'
800816,176612,b'15'
832621,150748,b'15'
876863,176593,b'15'
826192,172906,b'15'
862679,188399,b'15'
839974,154358,b'15'
854338,135067,b'15'
855233,141357,b'15'
850538,160159,b'15'
868442,160118,b'15'
888714,205560,b'15'
864185,161232,b'15'
851280,156049,b'15'
875825,204959,b'15'
840375,155757,b'15'
892340,149050,b'15'
873527,126426,b'15'
836433,200181,b'15'
826499,142732,b'15'
854922,159650,b'15'
883537,210648,b'15'
807420,168787,b'15'
840299,118907,b'15'
834602,213597,b'15'
864053,139325,b'15'
856454,117143,b'15'
857972,160214,b'15'
850046,108829,b'15'
804936,148980,b'15'
864374,150149,b'15'
858587,150101,b'15'
870247,121460,b'15'
855656,162100,b'15'
850176,127908,b'15'
850057,157848,b'15'
828005,145089,b'15'
861994,160156,b'15'
849537,157510,b'15'
867125,168762,b'15'
838142,156770,b'15'
847644,164348,b'15'
856349,158150,b'15'
860606,152843,b'15'
869288,168662,b'15'
838328,185708,b'15'
860986,140320,b'15'
829229,143653,b'15'
866051,172932,b'15'
871556,194747,b'15'
865489,161762,b'15'
851840,110475,b'15'
846256,154064,b'15'
836081,178429,b'15'
859707,202806,b'15'
849938,156042,b'15'
894124,202052,b'15'
864325,170593,b'15'
848108,161786,b'15'
817619,181929,b'15'
858058,196183,b'15'
861242,161722,b'15'
885793,172115,b'15'
850577,157049,b'15'
877125,161227,b'15'
883864,111281,b'15'
891699,170415,b'15'
802394,87835,b'15'
862759,157988,b'15'
824185,167369,b'15'
813124,157130,b'15'
840335,164912,b'15'
858042,178196,b'15'
846257,145306,b'15'
858516,151301,b'15'
851282,153750,b'15'
905005,164126,b'15'
857309,139276,b'15'
845589,192916,b'15'
895245,150977,b'15'
863995,150435,b'15'
862642,159379,b'15'
861631,169376,b'15'
858934,162874,b'15'
912023,160368,b'15'
842824,177832,b'15'
824560,133679,b'15'
842281,175525,b'15'
860845,155375,b'15'
841096,188742,b'15'
821428,153468,b'15'
840357,169437,b'15'
827802,189078,b'15'
844734,164570,b'15'
847812,114745,b'15'
887269,166179,b'15'
830159,134329,b'15'
850925,157811,b'15'
847276,121785,b'15'
870599,149782,b'15'
780153,136449,b'15'
814379,132655,b'15'
834483,173379,b'15'
852423,159874,b'15'
854012,157449,b'15'
883375,158482,b'15'
850219,110573,b'15'
836450,151205,b'15'
881217,172320,b'15'
813239,139752,b'15'
871255,140340,b'15'
789356,159383,b'15'
873690,156226,b'15'
858834,149259,b'15'
778867,140736,b'15'
872057,122354,b'15'
882097,161493,b'15'
787336,144875,b'15'
849751,167033,b'15'
843833,170416,b'15'
850663,157840,b'15'
812240,177846,b'15'
838609,140215,b'15'
850959,157920,b'15'
859703,156782,b'15'
854753,190254,b'15'
895723,126593,b'15'
857833,170565,b'15'
850200,164752,b'15'
845303,150476,b'15'
877422,134877,b'15'
850153,155701,b'15'
819256,201704,b'15'
871689,155981,b'15'
818014,140185,b'15'
815298,167390,b'15'
864088,171351,b'15'
902529,162041,b'15'
908069,146564,b'15'
799326,106384,b'15'
854996,81095,b'15'
843813,182032,b'15'
888504,147016,b'15'
877964,242679,b'15'
851866,156896,b'15'
821361,175823,b'15'
810775,160434,b'15'
843150,156573,b'15'
844088,150085,b'15'
830620,117906,b'15'
835790,127898,b'15'
819541,117296,b'15'
858703,157931,b'15'
857846,153281,b'15'
876408,183646,b'15'
842576,153072,b'15'
848974,199427,b'15'
862925,243856,b'15'
856561,128799,b'15'
834171,189042,b'15'
872516,217570,b'15'
869167,105039,b'15'
819670,183364,b'15'
846575,159002,b'15'
895127,152283,b'15'
830445,186055,b'15'
792179,148539,b'15'
852410,187705,b'15'
853554,158012,b'15'
927170,250593,b'15'
825605,167750,b'15'
846731,162515,b'15'
878170,123364,b'15'
884966,133900,b'15'
866987,154415,b'15'
846284,113820,b'15'
873474,159567,b'15'
878258,158631,b'15'
882306,173836,b'15'
856924,169071,b'15'
794260,129843,b'15'
851568,114049,b'15'
868736,179354,b'15'
925732,210388,b'15'
868375,161990,b'15'
855593,161003,b'15'
849599,157084,b'15'
868317,177001,b'15'
800304,163436,b'15'
823740,169808,b'15'
856202,158811,b'15'
883929,121705,b'15'
851010,157593,b'15'
872506,157517,b'15'
850533,160136,b'15'
816393,185056,b'15'
850911,157772,b'15'
812942,85345,b'15'
835581,147664,b'15'
913298,162009,b'15'
858172,137586,b'15'
872781,154295,b'15'
871597,185239,b'15'
923120,170161,b'15'
837019,215527,b'15'
835702,176502,b'15'
837017,154170,b'15'
859177,143273,b'15'
866851,129505,b'15'
855852,134834,b'15'
924289,171369,b'15'
860154,113364,b'15'
836739,162321,b'15'
850775,162968,b'15'
884750,154317,b'15'
849681,125345,b'15'
854463,159977,b'15'
883567,161769,b'15'
848137,87922,b'15'
823676,152154,b'15'
848135,130674,b'15'
844400,150812,b'15'
864494,136669,b'15'
878157,210496,b'15'
851088,157432,b'15'
786528,104976,b'15'
860106,157080,b'15'
861412,205239,b'15'
820675,168154,b'15'
834036,144156,b'15'
842907,133992,b'15'
846720,162060,b'15'
871544,144135,b'15'
849003,115373,b'15'
856753,145184,b'15'
839757,190518,b'15'
865113,161302,b'15'
846936,161313,b'15'
845802,172285,b'15'
844357,163402,b'15'
881106,105566,b'15'
877835,151890,b'15'
839445,149778,b'15'
866560,165110,b'15'
845798,213118,b'15'
818668,120458,b'15'
831446,182864,b'15'
900955,185733,b'15'
836647,167267,b'15'
874672,104851,b'15'
849126,121710,b'15'
889142,154467,b'15'
855993,225023,b'15'
854095,158510,b'15'
850787,125678,b'15'
859298,139834,b'15'
829216,121494,b'15'
837676,148639,b'15'
851919,127963,b'15'
841353,125628,b'15'
848563,117708,b'15'
893106,176595,b'15'
852503,146551,b'15'
848290,143184,b'15'
825541,151495,b'15'
883231,232031,b'15'
864667,143614,b'15'
805089,96540,b'15'
854909,149938,b'15'
847097,176660,b'15'
910435,171155,b'15'
878749,188759,b'15'
871780,158486,b'15'
841292,155620,b'15'
846011,160034,b'15'
855969,193497,b'15'
860927,110775,b'15'
808069,134402,b'15'
848413,183717,b'15'
791722,162000,b'15'
852104,134678,b'15'
806567,140259,b'15'
847423,161535,b'15'
867993,162841,b'15'
828038,149181,b'15'
849404,170474,b'15'
841967,150890,b'15'
850945,161669,b'15'
888697,143969,b'15'
813868,188928,b'15'
864991,159874,b'15'
881109,152198,b'15'
811694,188374,b'15'
900360,153622,b'15'
885764,151791,b'15'
814553,164190,b'15'
895623,178393,b'15'
829790,205695,b'15'
865170,173755,b'15'
850453,155432,b'15'
864211,216526,b'15'
848770,111076,b'15'
791199,164843,b'15'
834165,140684,b'15'
843905,219401,b'15'
857328,143692,b'15'
838146,159541,b'15'
340693,569371,b'8'
315965,587160,b'8'
405652,622938,b'8'
359831,554975,b'8'
349296,557688,b'8'
289423,559134,b'8'
408689,562521,b'8'
321312,574721,b'8'
286568,547471,b'8'
370259,585265,b'8'
339967,562602,b'8'
410917,614521,b'8'
283570,563726,b'8'
347197,591316,b'8'
342064,570045,b'8'
317331,556086,b'8'
335792,541310,b'8'
330455,568758,b'8'
366794,582584,b'8'
378697,591764,b'8'
339981,565418,b'8'
338342,566864,b'8'
338474,563350,b'8'
432052,613723,b'8'
340064,550509,b'8'
334354,578047,b'8'
296775,572432,b'8'
353335,592567,b'8'
334016,562797,b'8'
328438,532686,b'8'
365927,571713,b'8'
343247,564376,b'8'
325057,581121,b'8'
330881,579058,b'8'
378648,579579,b'8'
339115,566863,b'8'
333299,597586,b'8'
367048,553451,b'8'
345840,561591,b'8'
366934,581294,b'8'
358793,547046,b'8'
393570,579641,b'8'
304399,545221,b'8'
353979,578923,b'8'
337002,589527,b'8'
327738,559624,b'8'
334549,579199,b'8'
297110,556485,b'8'
327403,548875,b'8'
413894,564459,b'8'
326043,553772,b'8'
337811,558454,b'8'
333901,532836,b'8'
340545,568654,b'8'
358483,554925,b'8'
318065,581616,b'8'
367751,578289,b'8'
331667,570387,b'8'
321519,561045,b'8'
299578,572052,b'8'
339632,536577,b'8'
339993,544064,b'8'
268672,508874,b'8'
332960,569308,b'8'
345042,566973,b'8'
352220,602793,b'8'
333934,537464,b'8'
312386,555195,b'8'
334182,558498,b'8'
335328,562880,b'8'
303637,570253,b'8'
353145,580916,b'8'
325118,556212,b'8'
294310,563522,b'8'
371563,547746,b'8'
373894,555347,b'8'
407040,577739,b'8'
337298,565486,b'8'
357813,572855,b'8'
304157,566007,b'8'
335918,566525,b'8'
330127,570072,b'8'
339212,538693,b'8'
357275,551101,b'8'
334785,565575,b'8'
326152,563230,b'8'
345903,561314,b'8'
238748,551038,b'9'
331175,551842,b'8'
352520,566829,b'8'
341675,560197,b'8'
354746,552404,b'8'
412500,594675,b'8'
277027,536847,b'8'
322209,547247,b'8'
375619,553791,b'8'
288068,561932,b'8'
344770,570309,b'8'
284031,566654,b'8'
324442,567881,b'8'
356246,549756,b'8'
404420,577532,b'8'
336829,562228,b'8'
293591,522132,b'8'
342963,582232,b'8'
338860,561151,b'8'
324055,590810,b'8'
328331,541094,b'8'
357737,597104,b'8'
392534,593343,b'8'
298665,568245,b'8'
343376,575709,b'8'
338863,563107,b'8'
361370,552483,b'8'
338935,567577,b'8'
350117,535859,b'8'
371000,555062,b'8'
368617,554066,b'8'
331795,529654,b'8'
344237,573700,b'8'
280110,522025,b'8'
328657,564864,b'8'
452457,597461,b'8'
333669,542228,b'8'
320628,564596,b'8'
316642,553340,b'8'
340712,563178,b'8'
349955,535578,b'8'
261538,525920,b'8'
411008,607342,b'8'
317136,563479,b'8'
297022,574097,b'8'
319927,524637,b'8'
359772,568428,b'8'
344791,578536,b'8'
324093,580491,b'8'
373907,558472,b'8'
321905,573147,b'8'
341721,576427,b'8'
386373,606623,b'8'
338588,543875,b'8'
341578,558672,b'8'
371616,570648,b'8'
331987,568997,b'8'
341329,565571,b'8'
334350,556417,b'8'
330482,571217,b'8'
338950,572545,b'8'
289087,565427,b'8'
343997,585193,b'8'
225786,529417,b'9'
365567,547606,b'8'
320827,519618,b'8'
286990,529505,b'8'
321517,569562,b'8'
388806,569524,b'8'
411796,581307,b'8'
331440,551885,b'8'
325958,573367,b'8'
348171,569251,b'8'
344239,530765,b'8'
419151,577335,b'8'
321309,569996,b'8'
386377,574187,b'8'
342099,561508,b'8'
366688,562413,b'8'
321657,538660,b'8'
403004,613466,b'8'
363304,553764,b'8'
384922,582877,b'8'
304556,568584,b'8'
336787,538925,b'8'
327998,571265,b'8'
303269,531608,b'8'
313649,523765,b'8'
337889,558031,b'8'
360165,553303,b'8'
340032,561740,b'8'
338634,564414,b'8'
351459,565704,b'8'
412767,593558,b'8'
283474,532727,b'8'
336928,557412,b'8'
366478,594677,b'8'
343450,570659,b'8'
331616,565089,b'8'
354529,573677,b'8'
276703,559740,b'8'
282066,560178,b'8'
331366,567311,b'8'
321910,573825,b'8'
290107,571927,b'8'
281979,518199,b'8'
374695,563163,b'8'
340191,567638,b'8'
338583,563529,b'8'
358312,559466,b'8'
338474,564151,b'8'
338205,566246,b'8'
342901,582886,b'8'
265815,540385,b'8'
304086,576100,b'8'
347966,563506,b'8'
346144,560472,b'8'
352381,592377,b'8'
318681,528806,b'8'
369366,561201,b'8'
310041,533285,b'8'
344314,595915,b'8'
363956,609339,b'8'
328586,551385,b'8'
330767,552963,b'8'
312558,520650,b'8'
315850,573154,b'8'
379388,567285,b'8'
329905,579935,b'8'
352209,548608,b'8'
357679,548036,b'8'
339288,588052,b'8'
330335,568221,b'8'
341559,562163,b'8'
341925,569393,b'8'
327695,543105,b'8'
335999,549795,b'8'
302359,534317,b'8'
332586,566187,b'8'
330750,561657,b'8'
400380,588221,b'8'
337910,562252,b'8'
336549,565597,b'8'
343717,559909,b'8'
332116,594868,b'8'
358384,556361,b'8'
415881,584352,b'8'
345164,579614,b'8'
316395,537403,b'8'
340970,564831,b'8'
340383,600071,b'8'
326627,534442,b'8'
356865,545785,b'8'
306298,551902,b'8'
347575,565576,b'8'
302583,571881,b'8'
352424,557574,b'8'
279008,521035,b'8'
335029,553213,b'8'
338753,563384,b'8'
324032,577807,b'8'
327973,534972,b'8'
321924,527106,b'8'
345495,579864,b'8'
385091,599401,b'8'
361138,551307,b'8'
332884,533990,b'8'
269126,508814,b'8'
350056,566657,b'8'
374117,546122,b'8'
350283,559840,b'8'
335525,567445,b'8'
350798,535657,b'8'
289002,520678,b'8'
324516,522674,b'8'
364844,571623,b'8'
351815,574947,b'8'
275524,559548,b'8'
348773,583528,b'8'
308966,523409,b'8'
316313,570785,b'8'
341966,561987,b'8'
341446,538787,b'8'
318823,565345,b'8'
347522,587567,b'8'
293746,544468,b'8'
334983,572690,b'8'
325125,564342,b'8'
330145,546705,b'8'
336336,563145,b'8'
302353,545544,b'8'
321216,569834,b'8'
285152,520229,b'8'
335027,565050,b'8'
332270,556288,b'8'
341016,545280,b'8'
339640,561426,b'8'
338633,563504,b'8'
324952,565867,b'8'
353583,554147,b'8'
385183,556284,b'8'
292636,520371,b'8'
289176,571435,b'8'
310944,559497,b'8'
336974,563207,b'8'
337173,557853,b'8'
396903,591235,b'8'
324440,567074,b'8'
333378,557892,b'8'
300366,565761,b'8'
344437,529492,b'8'
325871,558965,b'8'
367641,556309,b'8'
344552,554676,b'8'
297212,546223,b'8'
355924,577596,b'8'
331340,524203,b'8'
292932,558293,b'8'
306346,523584,b'8'
341966,586266,b'8'
282430,560217,b'8'
326251,549298,b'8'
335201,585318,b'8'
351564,573155,b'8'
322365,530808,b'8'
405542,600089,b'8'
296763,528676,b'8'
221233,538472,b'9'
338084,560295,b'8'
345674,579033,b'8'
325883,560492,b'8'
345123,577788,b'8'
329859,564384,b'8'
353939,570931,b'8'
409616,575024,b'8'
365058,545456,b'8'
404782,557913,b'8'
368724,598412,b'8'
344096,575522,b'8'
182618,346663,b'7'
171461,348130,b'7'
186536,330019,b'7'
177241,292639,b'7'
248683,383412,b'7'
174057,358906,b'7'
215243,289985,b'7'
170688,343596,b'7'
144502,345417,b'7'
165689,356983,b'7'
168443,367928,b'7'
165158,343946,b'7'
159711,352701,b'7'
175781,341039,b'7'
233480,289069,b'7'
189029,366740,b'7'
168573,350387,b'7'
170271,306395,b'7'
192775,350028,b'7'
152054,345632,b'7'
139299,314046,b'7'
202053,322650,b'7'
134695,350397,b'7'
159654,381778,b'7'
188093,324040,b'7'
183236,338163,b'7'
156984,430950,b'7'
182751,435819,b'7'
198908,372797,b'7'
198517,325721,b'7'
161345,350804,b'7'
210497,359835,b'7'
141993,331189,b'7'
170788,373545,b'7'
166449,363036,b'7'
155479,345893,b'7'
186380,363938,b'7'
129332,360811,b'7'
224225,376975,b'7'
165945,345849,b'7'
223550,323197,b'7'
122755,434879,b'7'
166584,349245,b'7'
179472,342273,b'7'
148749,359845,b'7'
177505,332053,b'7'
160222,380591,b'7'
178869,370161,b'7'
170002,370000,b'7'
164354,347671,b'7'
169966,368623,b'7'
145867,363616,b'7'
181561,358111,b'7'
164915,350360,b'7'
166973,341636,b'7'
153181,277968,b'7'
155505,355581,b'7'
160835,347784,b'7'
211265,396792,b'7'
203254,362605,b'7'
137967,354539,b'7'
174064,357989,b'7'
179609,408365,b'7'
176506,351827,b'7'
172879,347028,b'7'
180506,330980,b'7'
185966,359964,b'7'
146070,316860,b'7'
152957,321354,b'7'
163190,331719,b'7'
186914,361706,b'7'
159191,309314,b'7'
170425,316185,b'7'
162040,316797,b'7'
195000,354829,b'7'
126702,351222,b'7'
213064,290947,b'7'
140612,350010,b'7'
172885,352621,b'7'
170155,343568,b'7'
186806,334070,b'7'
146072,288800,b'7'
169293,348686,b'7'
169502,411323,b'7'
152861,407965,b'7'
156041,295117,b'7'
117585,391892,b'7'
163981,344090,b'7'
158664,310765,b'7'
141113,351050,b'7'
163796,345091,b'7'
160369,353500,b'7'
235671,300234,b'7'
140876,334435,b'7'
108232,373112,b'7'
192460,388323,b'7'
133744,308918,b'7'
216209,437830,b'7'
156945,339397,b'7'
199859,316334,b'7'
159496,331641,b'7'
167845,341409,b'7'
182435,365508,b'7'
133795,360518,b'7'
169628,365003,b'7'
167262,399527,b'7'
177728,352687,b'7'
130683,363204,b'7'
198197,344933,b'7'
197735,355477,b'7'
172020,342883,b'7'
185561,342784,b'7'
202011,337353,b'7'
157394,346500,b'7'
182050,424341,b'7'
129664,341196,b'7'
173188,355248,b'7'
182499,310438,b'7'
170384,339979,b'7'
182093,321311,b'7'
185696,338006,b'7'
102221,374657,b'7'
165881,364469,b'7'
164875,349007,b'7'
159120,340829,b'7'
168274,374689,b'7'
178495,373915,b'7'
179811,342089,b'7'
162606,363185,b'7'
173908,362098,b'7'
133580,348602,b'7'
190634,357254,b'7'
186503,369651,b'7'
127134,379827,b'7'
169145,355279,b'7'
140121,346875,b'7'
141860,324304,b'7'
200251,306215,b'7'
174373,363552,b'7'
170022,347877,b'7'
165657,338722,b'7'
186361,351075,b'7'
213022,338238,b'7'
155228,357729,b'7'
171614,435530,b'7'
175586,365049,b'7'
187858,381077,b'7'
171074,293610,b'7'
153738,360530,b'7'
199043,270173,b'7'
165886,348709,b'7'
159428,300364,b'7'
197463,378513,b'7'
161273,347538,b'7'
186082,330058,b'7'
143732,279724,b'7'
142899,329415,b'7'
156977,424622,b'7'
174878,362329,b'7'
148915,338914,b'7'
187324,377187,b'7'
175766,380534,b'7'
185071,362905,b'7'
158550,354818,b'7'
174672,345849,b'7'
169880,343122,b'7'
109090,326101,b'7'
187854,354777,b'7'
153903,353738,b'7'
190241,329582,b'7'
102983,382712,b'7'
143117,345163,b'7'
188985,367645,b'7'
174834,411644,b'7'
144228,344974,b'7'
146821,297434,b'7'
171848,343242,b'7'
94382,320888,b'7'
154412,310120,b'7'
176490,344679,b'7'
170616,352610,b'7'
81648,360080,b'7'
153607,379395,b'7'
183970,355973,b'7'
105444,361358,b'7'
158571,361986,b'7'
177579,319865,b'7'
198892,322470,b'7'
216975,296647,b'7'
166654,350678,b'7'
189102,333074,b'7'
198712,303299,b'7'
137098,384889,b'7'
144306,328086,b'7'
142455,343512,b'7'
178319,318244,b'7'
168886,353913,b'7'
174656,393278,b'7'
130805,354417,b'7'
176433,350561,b'7'
142252,329183,b'7'
165476,377389,b'7'
210102,333312,b'7'
129453,321221,b'7'
144705,375936,b'7'
206687,342276,b'7'
153583,352282,b'7'
189499,356601,b'7'
159392,351000,b'7'
181463,326571,b'7'
162975,335389,b'7'
157691,334886,b'7'
154167,353183,b'7'
165607,362883,b'7'
182239,333302,b'7'
176982,354631,b'7'
183516,374212,b'7'
191099,341570,b'7'
184570,360446,b'7'
207804,354938,b'7'
198493,326704,b'7'
149269,341445,b'7'
184798,392233,b'7'
174438,319075,b'7'
107124,325984,b'7'
76052,360840,b'7'
159302,337993,b'7'
140101,341028,b'7'
168149,345638,b'7'
150009,371014,b'7'
157193,350343,b'7'
111476,358647,b'7'
151164,332239,b'7'
171318,373473,b'7'
175169,349454,b'7'
162600,392531,b'7'
168067,340249,b'7'
170102,323164,b'7'
124132,340448,b'7'
149863,284721,b'7'
168079,347343,b'7'
128953,304971,b'7'
169228,364545,b'7'
198415,321418,b'7'
183610,321788,b'7'
220869,407358,b'7'
159472,372246,b'7'
170837,353968,b'7'
165653,317602,b'7'
135537,356169,b'7'
166973,334724,b'7'
158750,312102,b'7'
161448,373412,b'7'
158713,379013,b'7'
180493,319750,b'7'
125715,302114,b'7'
194033,340466,b'7'
158871,312380,b'7'
161387,343617,b'7'
169121,347594,b'7'
167653,352074,b'7'
125902,318850,b'7'
217686,296514,b'7'
171986,429306,b'7'
211360,279794,b'7'
157181,346842,b'7'
188909,341194,b'7'
140128,325904,b'7'
117874,389929,b'7'
162921,317643,b'7'
173978,346514,b'7'
98533,355691,b'7'
194956,372256,b'7'
164847,287064,b'7'
174410,372064,b'7'
149092,352682,b'7'
166323,352927,b'7'
178515,370287,b'7'
169337,348605,b'7'
122986,334382,b'7'
145282,391482,b'7'
185919,363092,b'7'
180519,368284,b'7'
181227,347052,b'7'
168284,309036,b'7'
198251,335402,b'7'
160922,347681,b'7'
141861,328909,b'7'
147911,328024,b'7'
178264,330827,b'7'
178235,346006,b'7'
195151,317753,b'7'
122360,357480,b'7'
167330,332452,b'7'
115363,305575,b'7'
185661,404482,b'7'
177858,352255,b'7'
113068,317574,b'7'
125675,360158,b'7'
172842,351663,b'7'
124724,459999,b'9'
169069,348929,b'7'
185253,344152,b'7'
155625,262321,b'7'
158201,315944,b'7'
171277,361020,b'7'
209553,326461,b'7'
160165,362858,b'7'
190725,336160,b'7'
169994,409806,b'7'
179463,361279,b'7'
172662,388185,b'7'
165284,425978,b'7'
160206,303063,b'7'
155690,368375,b'7'
124516,325289,b'7'
179326,321160,b'7'
165573,305517,b'7'
155508,372355,b'7'
166799,318482,b'7'
161780,324523,b'7'
168805,351913,b'7'
206519,355629,b'7'
163091,350167,b'7'
176144,353300,b'7'
179483,359645,b'7'
213951,352868,b'7'
164046,346109,b'7'
169569,346955,b'7'
225356,318394,b'7'
214966,358837,b'7'
159253,343477,b'7'
219779,330969,b'7'
169876,340860,b'7'
669118,354195,b'13'
613682,399434,b'13'
617399,392653,b'13'
629247,364078,b'13'
641070,424917,b'13'
609532,388425,b'13'
629369,398359,b'13'
605911,379990,b'13'
622550,391601,b'13'
607905,403460,b'13'
679465,399014,b'13'
608711,373665,b'13'
623498,399288,b'13'
601212,370698,b'13'
574989,407228,b'13'
563517,391159,b'13'
687717,379483,b'13'
616040,330855,b'13'
653024,367312,b'13'
607440,403119,b'13'
620240,397022,b'13'
599215,391457,b'13'
587478,424878,b'13'
613921,394043,b'13'
624328,392133,b'13'
635887,384511,b'13'
559877,401053,b'13'
617755,401065,b'13'
693265,388552,b'13'
559933,403956,b'13'
655859,416496,b'13'
625919,402984,b'13'
595215,391491,b'13'
617493,379303,b'13'
598657,442558,b'13'
601644,436831,b'13'
617118,374098,b'13'
591051,389443,b'13'
617296,386864,b'13'
616468,394118,b'13'
630384,376295,b'13'
558770,390646,b'13'
637332,414017,b'13'
556780,409205,b'13'
577473,384210,b'13'
650054,432740,b'13'
595063,328609,b'13'
714443,433876,b'13'
603566,410391,b'13'
562356,383175,b'13'
546166,423311,b'13'
626539,394908,b'13'
663820,416308,b'13'
710910,464586,b'13'
624310,398408,b'13'
632546,389750,b'13'
667249,417107,b'13'
608309,377530,b'13'
611357,393577,b'13'
658219,436184,b'13'
615032,402225,b'13'
628131,406850,b'13'
632390,363198,b'13'
575116,345564,b'13'
625784,441883,b'13'
618893,419740,b'13'
579564,428498,b'13'
686324,364237,b'13'
586242,396484,b'13'
623248,399928,b'13'
609219,362804,b'13'
537211,376777,b'13'
605310,394011,b'13'
634973,450542,b'13'
595411,413706,b'13'
613037,419086,b'13'
617444,397675,b'13'
633304,366062,b'13'
592620,446156,b'13'
631633,337973,b'13'
619637,395224,b'13'
620330,398630,b'13'
621964,409409,b'13'
618446,372298,b'13'
629789,426313,b'13'
608687,374928,b'13'
680646,375662,b'13'
591831,438997,b'13'
550086,442382,b'13'
620330,396776,b'13'
551236,401856,b'13'
617178,414525,b'13'
584938,344365,b'13'
622636,456843,b'13'
649987,408293,b'13'
613719,382828,b'13'
576987,392508,b'13'
599766,409755,b'13'
584077,398498,b'13'
695514,321521,b'13'
561388,355834,b'13'
691600,397893,b'13'
610676,449688,b'13'
600114,413216,b'13'
626811,372435,b'13'
636291,360636,b'13'
570384,393553,b'13'
626700,401688,b'13'
624106,398619,b'13'
523329,404632,b'13'
611954,360938,b'13'
613536,395801,b'13'
576488,397913,b'13'
652745,406585,b'13'
603193,371867,b'13'
610026,444858,b'13'
629725,405117,b'13'
648429,422590,b'13'
562772,382904,b'13'
638823,411764,b'13'
617764,397102,b'13'
579922,379009,b'13'
610698,396326,b'13'
642607,374702,b'13'
621629,397208,b'13'
659321,404555,b'13'
576235,462612,b'13'
598628,425191,b'13'
623502,420376,b'13'
665965,449273,b'13'
608923,385575,b'13'
611579,407670,b'13'
617573,386848,b'13'
589862,418742,b'13'
653325,396810,b'13'
605073,372055,b'13'
623137,408209,b'13'
499262,398424,b'12'
619339,401624,b'13'
619295,397643,b'13'
578878,420108,b'13'
533577,355107,b'13'
615934,426539,b'13'
690195,475150,b'13'
673514,390760,b'13'
657120,386782,b'13'
549945,372313,b'13'
675858,410545,b'13'
626586,415166,b'13'
618449,404599,b'13'
638783,399478,b'13'
578113,395458,b'13'
622557,361134,b'13'
635324,420555,b'13'
666135,430421,b'13'
689725,465685,b'13'
593601,445149,b'13'
615094,383077,b'13'
624599,417673,b'13'
573969,434110,b'13'
642881,403147,b'13'
634383,422065,b'13'
582389,428200,b'13'
617330,369828,b'13'
621989,394856,b'13'
651828,468138,b'13'
612936,398723,b'13'
613351,407952,b'13'
562777,437516,b'13'
533212,366954,b'13'
618113,400002,b'13'
609344,448128,b'13'
615342,413931,b'13'
623989,368662,b'13'
620187,400168,b'13'
687638,439257,b'13'
573925,449341,b'13'
547270,403384,b'13'
619318,361696,b'13'
588432,446279,b'13'
592924,393730,b'13'
615325,383841,b'13'
611875,422910,b'13'
681941,370225,b'13'
620818,396967,b'13'
662154,385013,b'13'
554938,347875,b'13'
628655,321099,b'13'
619628,399433,b'13'
660333,393215,b'13'
618391,348381,b'13'
565829,395454,b'13'
617689,397001,b'13'
604554,393193,b'13'
572417,403906,b'13'
659193,384523,b'13'
632060,367800,b'13'
633894,404424,b'13'
620610,395343,b'13'
615175,397627,b'13'
624293,333944,b'13'
593689,316888,b'13'
617319,374666,b'13'
572244,349463,b'13'
619239,400025,b'13'
621622,390298,b'13'
622101,371771,b'13'
630205,338054,b'13'
654147,407182,b'13'
637594,420311,b'13'
629004,392271,b'13'
585207,336451,b'13'
618349,397614,b'13'
650157,402991,b'13'
638966,486628,b'14'
655201,411873,b'13'
602335,433298,b'13'
630706,388370,b'13'
617428,397343,b'13'
621537,390372,b'13'
631365,450732,b'13'
618406,404239,b'13'
601390,453925,b'13'
603945,361794,b'13'
619427,396945,b'13'
660103,414557,b'13'
700340,335010,b'13'
608182,416637,b'13'
661166,404325,b'13'
620939,385731,b'13'
626371,349696,b'13'
614683,367259,b'13'
619332,401992,b'13'
587453,401098,b'13'
652349,321291,b'13'
617954,395504,b'13'
636807,424537,b'13'
533889,333741,b'13'
623386,387031,b'13'
632952,385722,b'13'
695010,449565,b'13'
626843,367696,b'13'
488205,420586,b'12'
611547,411952,b'13'
621241,368090,b'13'
581240,362971,b'13'
608747,363132,b'13'
662177,420431,b'13'
615665,405490,b'13'
617447,366176,b'13'
560393,389490,b'13'
685785,409913,b'13'
623433,400160,b'13'
609091,437020,b'13'
624343,403629,b'13'
668879,388617,b'13'
567105,437623,b'13'
657450,365008,b'13'
591955,378142,b'13'
588952,437524,b'13'
607665,447516,b'13'
608601,418450,b'13'
662830,420955,b'13'
605891,428146,b'13'
615239,317684,b'13'
588933,366439,b'13'
618053,357534,b'13'
577773,434308,b'13'
606558,458285,b'13'
620955,389692,b'13'
738190,371970,b'13'
634661,446187,b'13'
571692,449353,b'13'
605650,447537,b'13'
639502,371440,b'13'
684568,380640,b'13'
658735,399039,b'13'
618157,384990,b'13'
618869,398187,b'13'
603388,403039,b'13'
585255,415823,b'13'
639507,438534,b'13'
594112,399331,b'13'
619475,400592,b'13'
571570,375257,b'13'
659297,373975,b'13'
603285,449307,b'13'
610199,394579,b'13'
590500,418472,b'13'
630904,404643,b'13'
591725,406549,b'13'
621560,397789,b'13'
563182,367521,b'13'
593879,444161,b'13'
616054,371666,b'13'
627679,395601,b'13'
608195,447380,b'13'
616737,397973,b'13'
650120,324477,b'13'
616926,398697,b'13'
650859,460072,b'13'
642157,345545,b'13'
601369,411415,b'13'
604703,392288,b'13'
721905,378957,b'13'
619415,397644,b'13'
571043,347389,b'13'
659191,459637,b'13'
629978,400626,b'13'
688487,383589,b'13'
598053,438963,b'13'
635242,356290,b'13'
605899,412428,b'13'
656642,407213,b'13'
619924,406713,b'13'
630067,372798,b'13'
600007,377908,b'13'
589164,386733,b'13'
630491,379017,b'13'
618676,377015,b'13'
639613,388524,b'13'
669409,415893,b'13'
681608,436537,b'13'
649968,371445,b'13'
629000,417990,b'13'
658884,390135,b'13'
605407,427914,b'13'
629891,414975,b'13'
621778,364695,b'13'
610722,418243,b'13'
601599,388540,b'13'
615649,429323,b'13'
627206,402647,b'13'
643965,366316,b'13'
614877,402442,b'13'
606486,420054,b'13'
668482,358452,b'13'
628715,434772,b'13'
196462,887983,b'0'
335970,846828,b'0'
272394,837600,b'0'
211165,825505,b'0'
226433,837646,b'0'
219686,859997,b'0'
242087,844255,b'0'
213558,873714,b'0'
245144,845719,b'0'
247997,878582,b'0'
283576,809069,b'0'
224676,859348,b'0'
298214,820903,b'0'
245468,859425,b'0'
222704,824909,b'0'
250921,819639,b'0'
249209,801933,b'0'
230591,874855,b'0'
234091,876039,b'0'
286769,862152,b'0'
224789,866804,b'0'
245023,849247,b'0'
263626,851699,b'0'
250198,825417,b'0'
231263,863308,b'0'
307605,840195,b'0'
276635,875623,b'0'
230399,842538,b'0'
274070,798617,b'0'
247939,831010,b'0'
209922,850026,b'0'
300726,862728,b'0'
222727,770963,b'0'
239505,885057,b'0'
291561,845450,b'0'
221122,832810,b'0'
194258,914691,b'0'
228928,855040,b'0'
264627,808661,b'0'
225916,843329,b'0'
240221,843932,b'0'
276600,823311,b'0'
204854,810013,b'0'
278326,829095,b'0'
246047,846189,b'0'
251032,876118,b'0'
285258,848668,b'0'
260943,889692,b'0'
245928,867228,b'0'
221002,870506,b'0'
292872,896822,b'0'
261896,897475,b'0'
269723,849664,b'0'
243941,843256,b'0'
249370,872804,b'0'
237120,856814,b'0'
257472,849587,b'0'
253703,834676,b'0'
238080,830689,b'0'
225991,869734,b'0'
231781,799444,b'0'
296892,901182,b'0'
234604,822462,b'0'
241473,860854,b'0'
219864,842635,b'0'
235901,856563,b'0'
207217,878249,b'0'
256949,820470,b'0'
204597,863162,b'0'
325275,866433,b'0'
239344,814789,b'0'
187894,871219,b'0'
259973,862559,b'0'
189752,865463,b'0'
245707,844466,b'0'
188480,870646,b'0'
305915,854818,b'0'
242443,851797,b'0'
227138,824372,b'0'
229970,878786,b'0'
281971,825246,b'0'
241166,845204,b'0'
225846,874086,b'0'
284077,905181,b'0'
258975,837353,b'0'
241972,840749,b'0'
245602,857160,b'0'
227363,836593,b'0'
257926,936947,b'0'
237689,839510,b'0'
267799,847911,b'0'
207552,772091,b'0'
201567,881003,b'0'
265125,820661,b'0'
273165,852766,b'0'
290210,818593,b'0'
256487,868899,b'0'
271395,862063,b'0'
251958,886571,b'0'
249253,856047,b'0'
268289,878265,b'0'
295375,861990,b'0'
256316,818886,b'0'
246470,842932,b'0'
314666,849163,b'0'
298979,774144,b'0'
192885,887667,b'0'
227819,900986,b'0'
250003,859517,b'0'
249857,844975,b'0'
218369,851387,b'0'
252586,806474,b'0'
283017,850861,b'0'
228095,843338,b'0'
266980,825990,b'0'
241381,844402,b'0'
294053,878220,b'0'
253339,750941,b'0'
241413,845029,b'0'
294326,807584,b'0'
257856,846423,b'0'
248210,886338,b'0'
216846,737568,b'0'
244743,830888,b'0'
277055,860813,b'0'
279923,805957,b'0'
235041,823732,b'0'
238524,842928,b'0'
246453,883061,b'0'
260590,827955,b'0'
274554,845338,b'0'
245254,907991,b'0'
299821,866288,b'0'
261120,804153,b'0'
246729,879602,b'0'
240308,844341,b'0'
220620,819091,b'0'
268926,813783,b'0'
234219,845270,b'0'
188424,849785,b'0'
240171,843940,b'0'
163766,859386,b'0'
191257,802651,b'0'
224852,934148,b'0'
261093,844962,b'0'
228711,848090,b'0'
183478,851724,b'0'
201080,823689,b'0'
118590,857150,b'0'
264798,767716,b'0'
313609,860065,b'0'
232246,844226,b'0'
237757,834092,b'0'
222682,806314,b'0'
243331,844022,b'0'
197362,870337,b'0'
229857,843917,b'0'
244257,776516,b'0'
224083,852922,b'0'
309399,838744,b'0'
271205,817620,b'0'
242247,864253,b'0'
235337,831592,b'0'
232357,810798,b'0'
252199,828023,b'0'
267049,950249,b'0'
245678,821691,b'0'
241138,844374,b'0'
246182,840370,b'0'
264175,824349,b'0'
266977,887963,b'0'
274685,883097,b'0'
244260,847060,b'0'
256073,917590,b'0'
258416,835432,b'0'
241687,844256,b'0'
282603,846165,b'0'
228032,893055,b'0'
226949,889283,b'0'
264274,813041,b'0'
139601,914203,b'0'
229131,842806,b'0'
236274,861302,b'0'
261819,863523,b'0'
200005,825237,b'0'
310591,841778,b'0'
244049,817710,b'0'
235022,911236,b'0'
256512,837094,b'0'
236495,861569,b'0'
256889,880721,b'0'
258528,856273,b'0'
233284,860085,b'0'
257480,849037,b'0'
269354,811847,b'0'
222445,891438,b'0'
222356,840843,b'0'
236207,886769,b'0'
174371,864697,b'0'
159683,838958,b'0'
237750,837381,b'0'
241545,838673,b'0'
256082,831969,b'0'
246468,838071,b'0'
205919,844377,b'0'
266111,813259,b'0'
244246,847589,b'0'
244899,812192,b'0'
219316,898830,b'0'
251866,864044,b'0'
238308,790723,b'0'
209264,836661,b'0'
242519,845811,b'0'
351883,890475,b'0'
278929,842054,b'0'
244027,850132,b'0'
248570,843156,b'0'
224681,858432,b'0'
210276,824826,b'0'
220884,916718,b'0'
240846,841609,b'0'
257093,801567,b'0'
236749,813868,b'0'
332237,911313,b'0'
288954,846991,b'0'
238084,844799,b'0'
236431,844100,b'0'
299772,828655,b'0'
241633,846949,b'0'
230107,858332,b'0'
256216,903741,b'0'
258135,880184,b'0'
232331,872896,b'0'
183583,787453,b'0'
264293,890923,b'0'
213208,833959,b'0'
224288,931476,b'0'
261622,869706,b'0'
297183,841456,b'0'
241849,815141,b'0'
308616,811021,b'0'
220931,876605,b'0'
289719,866638,b'0'
233931,838374,b'0'
224694,848663,b'0'
240645,855514,b'0'
229567,855332,b'0'
247613,815836,b'0'
239387,847822,b'0'
257788,880587,b'0'
245532,846331,b'0'
224241,828996,b'0'
227582,856861,b'0'
244618,845420,b'0'
213775,841758,b'0'
243511,830743,b'0'
244799,841688,b'0'
216061,848623,b'0'
294492,832336,b'0'
248931,844960,b'0'
267478,894783,b'0'
228715,837572,b'0'
269483,848608,b'0'
248276,844455,b'0'
236987,881080,b'0'
223732,826580,b'0'
230149,886583,b'0'
265299,859533,b'0'
181803,799487,b'0'
247210,859012,b'0'
261633,773355,b'0'
262370,891499,b'0'
250394,847577,b'0'
222019,839774,b'0'
238328,770068,b'0'
208941,860169,b'0'
238714,858826,b'0'
241005,825301,b'0'
270742,847836,b'0'
238492,833394,b'0'
312726,853829,b'0'
286663,846902,b'0'
261796,819395,b'0'
253890,807676,b'0'
242415,844335,b'0'
134134,842630,b'0'
163956,833732,b'0'
250359,849451,b'0'
295357,842293,b'0'
218942,848326,b'0'
205466,778884,b'0'
253899,862843,b'0'
244966,841126,b'0'
208494,850615,b'0'
221126,837878,b'0'
271093,861412,b'0'
216543,842952,b'0'
255185,825960,b'0'
251070,877802,b'0'
264565,859237,b'0'
228611,836717,b'0'
228517,837056,b'0'
198583,860431,b'0'
215976,836025,b'0'
254411,848090,b'0'
168036,807011,b'0'
292194,906490,b'0'
243951,865415,b'0'
260922,785987,b'0'
245740,814541,b'0'
317675,838127,b'0'
274505,864723,b'0'
230049,865536,b'0'
235084,818866,b'0'
172690,847721,b'0'
221706,875060,b'0'
236740,853169,b'0'
298800,824277,b'0'
265246,889333,b'0'
219498,851932,b'0'
247484,846372,b'0'
288675,919879,b'0'
229280,813483,b'0'
282622,879222,b'0'
307300,836132,b'0'
238260,882489,b'0'
219049,825171,b'0'
219321,848396,b'0'
240028,849354,b'0'
212009,864463,b'0'
246857,852483,b'0'
245118,811283,b'0'
247855,794626,b'0'
253655,821946,b'0'
241475,850889,b'0'
210162,860529,b'0'
204922,854068,b'0'
225567,853078,b'0'
245258,799882,b'0'
257134,845851,b'0'
187314,815820,b'0'
294275,174786,b'10'
329428,66056,b'10'
325938,164475,b'10'
253129,154296,b'10'
319838,170383,b'10'
240213,118409,b'10'
283784,178305,b'10'
376613,159699,b'10'
338717,181582,b'10'
304283,183656,b'10'
314519,146787,b'10'
270899,175377,b'10'
291228,101272,b'10'
291170,110147,b'10'
321522,163852,b'10'
202627,179376,b'10'
307913,91419,b'10'
311093,169734,b'10'
321775,164846,b'10'
294832,124284,b'10'
295537,91032,b'10'
383044,180418,b'10'
338570,192256,b'10'
337894,175289,b'10'
359796,165920,b'10'
316263,163806,b'10'
320972,170417,b'10'
277860,111893,b'10'
367806,123963,b'10'
359352,162962,b'10'
350964,149159,b'10'
332201,181702,b'10'
287966,150135,b'10'
346942,152780,b'10'
232784,169847,b'10'
292492,99170,b'10'
334529,166765,b'10'
363208,238649,b'10'
196795,190277,b'10'
353333,113156,b'10'
373191,88470,b'10'
333789,151168,b'10'
339732,163158,b'10'
321822,187102,b'10'
276792,141848,b'10'
308044,164482,b'10'
311328,159477,b'10'
383052,89061,b'10'
316820,150304,b'10'
314479,178821,b'10'
310824,144943,b'10'
333143,200298,b'10'
300672,175844,b'10'
339482,151261,b'10'
319208,164182,b'10'
321645,164662,b'10'
308763,166511,b'10'
308066,145825,b'10'
360143,155270,b'10'
348893,195430,b'10'
319283,158983,b'10'
332284,194186,b'10'
292402,184441,b'10'
361227,221878,b'10'
313573,109221,b'10'
310693,154278,b'10'
344482,215846,b'10'
358652,186358,b'10'
330533,214555,b'10'
320400,160020,b'10'
267662,127175,b'10'
396583,82842,b'10'
292193,125417,b'10'
324121,96346,b'10'
321344,166633,b'10'
234837,151054,b'10'
368060,76739,b'10'
347050,150472,b'10'
245783,109229,b'10'
400550,144359,b'10'
343217,153037,b'10'
315488,160339,b'10'
347406,155708,b'10'
336845,172750,b'10'
357014,148222,b'10'
331862,169092,b'10'
322140,165212,b'10'
363075,162238,b'10'
318738,182134,b'10'
346717,178180,b'10'
311819,140674,b'10'
332032,157725,b'10'
301983,173386,b'10'
321556,163352,b'10'
315830,102777,b'10'
312275,145173,b'10'
325861,203058,b'10'
360703,150999,b'10'
345976,148333,b'10'
320210,191459,b'10'
318665,158107,b'10'
425563,163524,b'11'
264427,188193,b'10'
348177,179526,b'10'
265430,151883,b'10'
320718,158610,b'10'
380609,185976,b'10'
345234,188822,b'10'
362027,150348,b'10'
300294,178772,b'10'
315963,174031,b'10'
333787,189423,b'10'
337343,156614,b'10'
334812,137431,b'10'
347492,153416,b'10'
324518,167369,b'10'
353991,193997,b'10'
274321,219665,b'10'
335476,183897,b'10'
300021,159185,b'10'
384591,137729,b'10'
320000,162605,b'10'
268938,211870,b'10'
366146,196571,b'10'
356280,185198,b'10'
325767,164095,b'10'
350480,214608,b'10'
314791,163370,b'10'
302582,134124,b'10'
328851,147002,b'10'
347039,195468,b'10'
289531,145743,b'10'
343018,239960,b'10'
271123,163465,b'10'
326959,154655,b'10'
332307,189590,b'10'
310529,141617,b'10'
380281,205779,b'10'
411606,137378,b'10'
348191,165419,b'10'
305292,175260,b'10'
256120,141529,b'10'
390934,170420,b'10'
358562,112650,b'10'
355499,224982,b'10'
363437,77975,b'10'
232043,177614,b'10'
246753,175170,b'10'
327204,152871,b'10'
371685,151612,b'10'
291723,177824,b'10'
324488,180658,b'10'
340048,131847,b'10'
295311,115000,b'10'
239495,163949,b'10'
267521,119941,b'10'
401396,125431,b'10'
260930,184935,b'10'
336085,170252,b'10'
291782,159562,b'10'
307616,207295,b'10'
352910,145624,b'10'
294653,104623,b'10'
372883,222824,b'10'
318707,160697,b'10'
281548,175184,b'10'
307747,128551,b'10'
336991,217448,b'10'
270233,195701,b'10'
433100,134861,b'11'
311433,134432,b'10'
375353,117180,b'10'
315146,160782,b'10'
311163,166821,b'10'
305333,171939,b'10'
332470,161202,b'10'
302266,185591,b'10'
370775,144355,b'10'
314552,151035,b'10'
343145,172236,b'10'
331212,162496,b'10'
299460,144708,b'10'
383894,179880,b'10'
345703,149860,b'10'
331381,162660,b'10'
344364,213940,b'10'
378347,144880,b'10'
322789,137560,b'10'
328425,159826,b'10'
341137,78287,b'10'
317771,154916,b'10'
336266,148507,b'10'
342066,119083,b'10'
297177,88467,b'10'
280519,165350,b'10'
305901,166656,b'10'
284757,175853,b'10'
281732,221764,b'10'
321262,178491,b'10'
344710,213543,b'10'
311408,168232,b'10'
356500,188114,b'10'
304376,222294,b'10'
278116,185472,b'10'
247892,115217,b'10'
306326,164202,b'10'
311516,94189,b'10'
323747,163351,b'10'
321778,158339,b'10'
309501,166931,b'10'
333942,143344,b'10'
339393,209145,b'10'
340996,170964,b'10'
315333,144566,b'10'
332853,168141,b'10'
290958,168323,b'10'
297731,175876,b'10'
280274,182662,b'10'
306540,193434,b'10'
319155,159850,b'10'
355168,114823,b'10'
270201,236813,b'10'
347630,120931,b'10'
446538,180119,b'11'
371052,147369,b'10'
403365,215735,b'10'
258201,153095,b'10'
335121,214149,b'10'
283786,133973,b'10'
353951,133923,b'10'
345069,165968,b'10'
367079,183232,b'10'
363932,228249,b'10'
354132,161850,b'10'
390538,157197,b'10'
333805,148479,b'10'
325344,159885,b'10'
323905,168029,b'10'
274495,182470,b'10'
309684,150076,b'10'
381617,157000,b'10'
322841,169735,b'10'
359520,132845,b'10'
249616,144446,b'10'
321620,169950,b'10'
415495,116126,b'10'
335742,196692,b'10'
271424,251323,b'10'
340066,152500,b'10'
327734,163585,b'10'
346079,220993,b'10'
276741,143844,b'10'
377042,182019,b'10'
400055,131725,b'10'
332246,172932,b'10'
310386,171068,b'10'
327569,158418,b'10'
324444,166910,b'10'
317217,163896,b'10'
270404,183080,b'10'
277512,151920,b'10'
324966,170021,b'10'
306421,145493,b'10'
382419,110392,b'10'
318266,171979,b'10'
321245,141627,b'10'
318192,170844,b'10'
320821,165455,b'10'
329029,204399,b'10'
311065,219934,b'10'
287127,192494,b'10'
283571,109326,b'10'
308748,199866,b'10'
369490,164369,b'10'
270729,67329,b'10'
279010,181792,b'10'
282957,179982,b'10'
308489,145929,b'10'
327927,168535,b'10'
327022,161396,b'10'
376557,109320,b'10'
248427,146381,b'10'
321182,150806,b'10'
312337,154488,b'10'
268518,181514,b'10'
285865,167818,b'10'
279251,184486,b'10'
306042,66361,b'10'
318215,180010,b'10'
293978,197091,b'10'
338044,233264,b'10'
293864,241877,b'10'
344380,183817,b'10'
316257,171544,b'10'
248779,111087,b'10'
313783,177198,b'10'
415534,110526,b'10'
296164,96874,b'10'
315670,160928,b'10'
339137,160334,b'10'
290700,196285,b'10'
307107,174760,b'10'
325279,168587,b'10'
328423,161604,b'10'
333883,276840,b'10'
308555,134011,b'10'
322101,164171,b'10'
306357,123397,b'10'
292931,125341,b'10'
284378,223470,b'10'
335003,151395,b'10'
267212,158699,b'10'
343851,193618,b'10'
296627,93375,b'10'
334980,143900,b'10'
335235,180161,b'10'
360945,167952,b'10'
257841,193878,b'10'
275288,212315,b'10'
331798,143962,b'10'
333937,51121,b'10'
328775,156501,b'10'
319829,168353,b'10'
293201,192871,b'10'
327608,177638,b'10'
332562,174699,b'10'
348815,150017,b'10'
312227,159417,b'10'
324337,162686,b'10'
323329,93955,b'10'
291973,127483,b'10'
258779,106777,b'10'
325360,134919,b'10'
267264,153034,b'10'
312421,170617,b'10'
293350,175997,b'10'
275459,190178,b'10'
244344,185382,b'10'
252845,181181,b'10'
357923,192120,b'10'
382720,263255,b'10'
326040,156509,b'10'
165104,543395,b'9'
139903,592241,b'9'
132705,557674,b'9'
114311,601605,b'9'
102460,533057,b'9'
185935,554627,b'9'
123441,594415,b'9'
97216,564094,b'9'
110948,539533,b'9'
101553,517715,b'9'
133023,574572,b'9'
144570,573936,b'9'
136531,557658,b'9'
173576,507309,b'9'
179189,536028,b'9'
141238,557986,b'9'
156430,615117,b'9'
69169,631490,b'9'
31842,565765,b'9'
144620,575370,b'9'
155899,561715,b'9'
137451,555339,b'9'
68388,574380,b'9'
166290,521714,b'9'
210499,526471,b'9'
148319,584541,b'9'
135336,552552,b'9'
136606,562296,b'9'
136301,569544,b'9'
119386,620549,b'9'
139212,557713,b'9'
84501,604671,b'9'
176602,574552,b'9'
105945,528795,b'9'
140989,537156,b'9'
138449,555969,b'9'
128669,574591,b'9'
95749,602775,b'9'
139460,557260,b'9'
130440,562623,b'9'
147885,527813,b'9'
58190,608304,b'9'
151701,574146,b'9'
148385,538149,b'9'
142668,544976,b'9'
145251,553486,b'9'
142265,546135,b'9'
202913,525966,b'9'
192564,547558,b'9'
179240,577011,b'9'
182840,584262,b'9'
144242,557674,b'9'
135849,550612,b'9'
101427,615890,b'9'
143265,548387,b'9'
112379,547679,b'9'
137347,622867,b'9'
139146,569516,b'9'
125756,579609,b'9'
77109,512651,b'9'
138073,556272,b'9'
202547,601240,b'9'
19835,570290,b'9'
118137,579149,b'9'
201324,574588,b'9'
113259,568684,b'9'
139052,610320,b'9'
177246,571940,b'9'
107972,601191,b'9'
138199,541774,b'9'
220156,589643,b'9'
137787,566189,b'9'
138122,557230,b'9'
93136,613387,b'9'
154620,576738,b'9'
131523,568207,b'9'
136967,565662,b'9'
142886,556511,b'9'
125005,540340,b'9'
138965,558201,b'9'
139474,569485,b'9'
171471,576787,b'9'
157138,565993,b'9'
198294,552987,b'9'
136078,547418,b'9'
140164,531093,b'9'
156003,502860,b'9'
67867,545392,b'9'
133780,533275,b'9'
116142,550919,b'9'
148510,579793,b'9'
179224,584189,b'9'
149906,546909,b'9'
29760,557873,b'9'
115287,602637,b'9'
206561,574789,b'9'
108651,521409,b'9'
115905,560139,b'9'
127373,549518,b'9'
141699,530028,b'9'
141641,557376,b'9'
111855,531542,b'9'
136580,553967,b'9'
137516,556818,b'9'
179793,483378,b'9'
105568,584102,b'9'
125840,520239,b'9'
117212,565692,b'9'
140717,554093,b'9'
139033,593287,b'9'
172882,571145,b'9'
104862,608089,b'9'
158366,537970,b'9'
138525,534268,b'9'
69565,599820,b'9'
94571,528963,b'9'
153185,562792,b'9'
147599,513563,b'9'
223226,546198,b'9'
143879,536650,b'9'
151099,518008,b'9'
109317,531425,b'9'
127202,525948,b'9'
137740,618961,b'9'
138734,557713,b'9'
109912,565003,b'9'
158060,525533,b'9'
260096,530550,b'8'
134449,557556,b'9'
121650,599844,b'9'
188992,563992,b'9'
207218,589497,b'9'
179830,547383,b'9'
152331,529689,b'9'
112184,530469,b'9'
166904,503121,b'9'
183026,545377,b'9'
152658,569277,b'9'
172116,513383,b'9'
95899,530846,b'9'
144325,538991,b'9'
166597,572855,b'9'
105193,596017,b'9'
166840,562425,b'9'
117089,561455,b'9'
141718,549576,b'9'
117959,536156,b'9'
125351,529954,b'9'
140706,547367,b'9'
138012,558263,b'9'
135284,555664,b'9'
142663,556520,b'9'
112673,516997,b'9'
137657,611252,b'9'
119237,591137,b'9'
186380,487625,b'9'
113099,546732,b'9'
176278,550602,b'9'
158773,588778,b'9'
140962,518168,b'9'
144856,551807,b'9'
155943,576199,b'9'
152584,564548,b'9'
165356,570715,b'9'
127858,609681,b'9'
257984,555707,b'8'
149758,564768,b'9'
129550,560106,b'9'
159271,568953,b'9'
151374,538387,b'9'
129030,588495,b'9'
155430,549012,b'9'
172756,612694,b'9'
93459,514032,b'9'
99569,523174,b'9'
148080,544056,b'9'
169322,577938,b'9'
173847,514665,b'9'
136418,562926,b'9'
140047,540043,b'9'
74519,527539,b'9'
146681,562995,b'9'
110877,562558,b'9'
95071,503965,b'9'
136232,576477,b'9'
146120,576624,b'9'
259173,548593,b'8'
107965,535173,b'9'
103153,601002,b'9'
158283,570550,b'9'
206219,604081,b'9'
116492,509399,b'9'
97430,598804,b'9'
193275,538687,b'9'
116860,550810,b'9'
179834,541387,b'9'
143226,522375,b'9'
111174,539350,b'9'
94933,588147,b'9'
139434,557410,b'9'
131532,536658,b'9'
38179,532155,b'9'
113321,606322,b'9'
123905,508486,b'9'
201753,569116,b'9'
206660,575002,b'9'
138884,529162,b'9'
139636,565984,b'9'
110479,594587,b'9'
76253,529394,b'9'
160280,493497,b'9'
161475,587507,b'9'
149054,556986,b'9'
223408,520131,b'9'
158596,562634,b'9'
141991,539522,b'9'
137172,523482,b'9'
161154,538355,b'9'
130157,581286,b'9'
142000,554964,b'9'
86243,559135,b'9'
130883,557824,b'9'
127964,538935,b'9'
122130,568886,b'9'
210597,589836,b'9'
139847,552015,b'9'
147664,559632,b'9'
167716,562762,b'9'
130657,555545,b'9'
165382,518876,b'9'
221994,575146,b'9'
87236,607429,b'9'
154268,542573,b'9'
197367,535989,b'9'
133094,557996,b'9'
155274,552551,b'9'
139911,561185,b'9'
146924,565933,b'9'
146183,622188,b'9'
176092,531921,b'9'
184402,546549,b'9'
139641,557503,b'9'
170816,547069,b'9'
156474,570384,b'9'
146678,558942,b'9'
136569,532130,b'9'
162124,500069,b'9'
127503,623654,b'9'
182854,534283,b'9'
141222,572556,b'9'
177665,557923,b'9'
201907,516078,b'9'
130249,579307,b'9'
166560,559687,b'9'
138220,560056,b'9'
134725,537440,b'9'
127940,590467,b'9'
143592,606949,b'9'
64979,538104,b'9'
94061,576129,b'9'
79285,554817,b'9'
103192,550021,b'9'
198823,538624,b'9'
145758,562414,b'9'
211584,591058,b'9'
139451,549580,b'9'
220224,592068,b'9'
150404,539885,b'9'
142767,538646,b'9'
143912,595772,b'9'
184412,537050,b'9'
55359,623076,b'9'
137197,556522,b'9'
138461,558771,b'9'
80673,566893,b'9'
203667,577260,b'9'
94249,600812,b'9'
145244,561042,b'9'
94458,533883,b'9'
130201,562734,b'9'
98675,580608,b'9'
134422,544300,b'9'
141771,551655,b'9'
141924,558399,b'9'
137316,562151,b'9'
143363,551365,b'9'
197849,575524,b'9'
134261,519275,b'9'
129997,568115,b'9'
170494,560892,b'9'
164453,544085,b'9'
128788,546091,b'9'
88703,577217,b'9'
131109,568012,b'9'
95074,570002,b'9'
232047,522748,b'9'
125548,552424,b'9'
142563,560090,b'9'
118391,553625,b'9'
132497,593125,b'9'
162713,586568,b'9'
122296,566921,b'9'
56907,586609,b'9'
48143,523870,b'9'
104489,542515,b'9'
130582,565948,b'9'
180633,570302,b'9'
241485,523039,b'9'
178005,594957,b'9'
211266,534538,b'9'
137680,555667,b'9'
144401,565666,b'9'
101722,535117,b'9'
115781,594942,b'9'
107160,530936,b'9'
139978,587153,b'9'
179931,536588,b'9'
105353,589239,b'9'
119496,543146,b'9'
142575,517378,b'9'
76661,531044,b'9'
137699,556769,b'9'
154964,554923,b'9'
142516,559062,b'9'
98525,579761,b'9'
163925,576666,b'9'
153326,558408,b'9'
262846,559590,b'8'
102898,592834,b'9'
138349,554238,b'9'
193502,557364,b'9'
202175,495076,b'9'
154162,536416,b'9'
77875,516899,b'9'
163477,561507,b'9'
131874,552586,b'9'
120357,560737,b'9'
119535,551857,b'9'
114108,540537,b'9'
136059,558213,b'9'
121786,564225,b'9'
233105,591646,b'9'
149760,577278,b'9'
139237,548782,b'9'
34795,606311,b'9'
147663,555514,b'9'
108512,525986,b'9'
509279,180548,b'11'
495165,163113,b'11'
474652,193224,b'11'
507786,199578,b'11'
566666,195255,b'11'
506012,178372,b'11'
541435,206637,b'11'
507311,177795,b'11'
461701,188438,b'11'
506069,169723,b'11'
477155,161019,b'11'
505044,180646,b'11'
467697,168082,b'11'
511868,170991,b'11'
500225,177559,b'11'
460616,174810,b'11'
573755,218049,b'11'
543616,144788,b'11'
509804,175714,b'11'
542311,161882,b'11'
475944,189337,b'11'
517750,199025,b'11'
520952,169184,b'11'
559076,190770,b'11'
416763,96639,b'10'
549384,208450,b'11'
549147,171454,b'11'
520880,200955,b'11'
484348,202813,b'11'
487472,166999,b'11'
504728,174541,b'11'
465734,114090,b'11'
570266,188032,b'11'
505584,176135,b'11'
514739,189624,b'11'
500589,181466,b'11'
504096,192493,b'11'
553118,165472,b'11'
502511,205121,b'11'
551798,221411,b'11'
502737,174437,b'11'
513181,177419,b'11'
513010,141058,b'11'
535564,177248,b'11'
514551,176526,b'11'
450030,169537,b'11'
521152,152439,b'11'
505512,203857,b'11'
509928,184873,b'11'
490271,216725,b'11'
529931,180136,b'11'
508228,220433,b'11'
534461,178056,b'11'
508551,174306,b'11'
545365,210090,b'11'
510414,142485,b'11'
507895,177445,b'11'
506288,177990,b'11'
512560,224816,b'11'
454160,102568,b'11'
437116,148591,b'11'
519003,160741,b'11'
509173,178051,b'11'
507674,147431,b'11'
513562,229098,b'11'
473361,185066,b'11'
517580,170329,b'11'
509285,174620,b'11'
510496,174308,b'11'
438860,114065,b'11'
534702,244239,b'11'
504755,150226,b'11'
474135,199330,b'11'
508907,173787,b'11'
509651,149290,b'11'
490956,124550,b'11'
499637,194036,b'11'
515856,148316,b'11'
482568,159010,b'11'
522728,184704,b'11'
493070,189771,b'11'
483807,198925,b'11'
469656,153741,b'11'
470041,102049,b'11'
576965,187481,b'11'
515230,149567,b'11'
469470,189347,b'11'
484678,123623,b'11'
509554,186931,b'11'
480787,147737,b'11'
523036,123677,b'11'
508144,167733,b'11'
515450,173220,b'11'
489378,172861,b'11'
497406,125809,b'11'
514173,139330,b'11'
520809,176718,b'11'
499009,205823,b'11'
509773,148899,b'11'
505117,141877,b'11'
494698,176711,b'11'
501334,163002,b'11'
502500,176532,b'11'
546565,151576,b'11'
520878,209094,b'11'
486891,175164,b'11'
512241,169240,b'11'
569692,182365,b'11'
491382,122267,b'11'
457033,127590,b'11'
535453,200970,b'11'
436641,55171,b'11'
520845,176291,b'11'
496130,178113,b'11'
507473,227670,b'11'
507092,175151,b'11'
493714,173387,b'11'
528826,154067,b'11'
509951,176794,b'11'
505400,160422,b'11'
473316,162622,b'11'
489504,146224,b'11'
516888,152451,b'11'
505128,175022,b'11'
520819,181586,b'11'
506812,167031,b'11'
495032,203929,b'11'
508789,174256,b'11'
502302,210265,b'11'
511106,122518,b'11'
486997,164803,b'11'
535787,199735,b'11'
540364,163758,b'11'
496006,191010,b'11'
497454,172375,b'11'
488330,173837,b'11'
547076,156969,b'11'
509956,141698,b'11'
516084,178725,b'11'
535034,172649,b'11'
529858,213114,b'11'
496384,166644,b'11'
519201,139101,b'11'
575022,213534,b'11'
469404,181944,b'11'
464672,193513,b'11'
491609,180519,b'11'
470314,178936,b'11'
481067,172555,b'11'
508797,176269,b'11'
491145,206344,b'11'
485361,169229,b'11'
474527,107596,b'11'
499643,171625,b'11'
514722,190943,b'11'
474641,81263,b'11'
495995,160032,b'11'
516963,174184,b'11'
521006,163218,b'11'
434581,123267,b'11'
514876,182995,b'11'
501416,172980,b'11'
513991,165072,b'11'
512900,219252,b'11'
510739,121103,b'11'
509522,174376,b'11'
507862,172954,b'11'
512716,181316,b'11'
483423,111797,b'11'
505603,147517,b'11'
482628,171320,b'11'
541790,172616,b'11'
473649,178184,b'11'
520763,250478,b'11'
494000,189403,b'11'
533931,173291,b'11'
485110,150541,b'11'
528679,199079,b'11'
545699,174099,b'11'
517495,186329,b'11'
520461,173217,b'11'
456821,105575,b'11'
495388,156422,b'11'
514934,219169,b'11'
508989,168995,b'11'
500474,169746,b'11'
504511,149234,b'11'
467144,147308,b'11'
512733,174091,b'11'
452791,156805,b'11'
488800,197919,b'11'
593887,210595,b'11'
561725,168220,b'11'
528011,201615,b'11'
514428,222503,b'11'
512051,145220,b'11'
472054,129986,b'11'
507959,166780,b'11'
518068,137556,b'11'
561110,219865,b'11'
563315,215613,b'11'
523779,163905,b'11'
490037,164357,b'11'
519421,154681,b'11'
504373,165819,b'11'
513957,139202,b'11'
486422,178919,b'11'
533351,147778,b'11'
511030,221292,b'11'
496069,102201,b'11'
496491,171534,b'11'
497254,171940,b'11'
518892,165875,b'11'
481083,151953,b'11'
507741,178883,b'11'
486224,196184,b'11'
509039,173839,b'11'
462658,75167,b'11'
519680,208378,b'11'
499676,196897,b'11'
480876,160465,b'11'
521032,177084,b'11'
486034,196122,b'11'
505225,158750,b'11'
485968,123023,b'11'
478442,125560,b'11'
502355,164119,b'11'
502915,183059,b'11'
497211,174121,b'11'
537174,194410,b'11'
505293,194591,b'11'
491442,116195,b'11'
473202,140745,b'11'
505079,219082,b'11'
541455,223176,b'11'
528938,174372,b'11'
528094,178343,b'11'
520759,184923,b'11'
538994,179328,b'11'
507832,181513,b'11'
493897,189627,b'11'
514408,173338,b'11'
514391,156592,b'11'
513362,223841,b'11'
443618,157237,b'11'
477746,163845,b'11'
480571,204150,b'11'
486326,174643,b'11'
505384,174535,b'11'
541220,177840,b'11'
522869,176818,b'11'
497255,188783,b'11'
545240,221008,b'11'
512291,169608,b'11'
576158,210283,b'11'
508099,175066,b'11'
545455,182232,b'11'
537836,177165,b'11'
508597,173640,b'11'
507445,193647,b'11'
524397,239456,b'11'
527753,213985,b'11'
528766,239937,b'11'
481356,162127,b'11'
541498,192746,b'11'
506142,170513,b'11'
494574,198972,b'11'
477901,173288,b'11'
509223,177592,b'11'
532010,176195,b'11'
541006,175198,b'11'
490355,153464,b'11'
566524,179796,b'11'
550216,184337,b'11'
516085,195504,b'11'
523796,219588,b'11'
511118,175212,b'11'
445043,152257,b'11'
497582,190801,b'11'
514622,206979,b'11'
479631,178459,b'11'
496476,140337,b'11'
498389,178069,b'11'
506361,225237,b'11'
519396,177174,b'11'
529409,157228,b'11'
501111,157402,b'11'
514219,167014,b'11'
558307,203307,b'11'
545957,196749,b'11'
508080,175697,b'11'
589900,217899,b'11'
509383,167302,b'11'
474516,189144,b'11'
498730,183037,b'11'
473093,188791,b'11'
471328,176297,b'11'
510901,175806,b'11'
559809,162597,b'11'
499272,168413,b'11'
514981,172608,b'11'
511289,183247,b'11'
455460,153040,b'11'
519962,175210,b'11'
532549,172894,b'11'
516128,178722,b'11'
519113,194925,b'11'
502877,192740,b'11'
520782,134308,b'11'
574369,207483,b'11'
515494,188459,b'11'
486870,146947,b'11'
484395,107291,b'11'
504243,237336,b'11'
483776,213021,b'11'
536623,213083,b'11'
544539,180391,b'11'
502002,166223,b'11'
500801,185558,b'11'
525670,184762,b'11'
481841,209337,b'11'
494317,170837,b'11'
521153,242968,b'11'
473933,191767,b'11'
524502,248106,b'11'
487952,168607,b'11'
460133,173081,b'11'
453261,148432,b'11'
491792,214464,b'11'
497815,165151,b'11'
515348,184750,b'11'
598908,254032,b'11'
558478,213316,b'11'
538228,168834,b'11'
464634,173867,b'11'
518675,175686,b'11'
533566,214619,b'11'
540196,180312,b'11'
500360,213540,b'11'
517882,175467,b'11'
549642,157506,b'11'
511368,173673,b'11'
506815,173387,b'11'
500192,192292,b'11'
533775,163036,b'11'
511484,160453,b'11'
489062,200329,b'11'
537514,179689,b'11'
551867,170425,b'11'
406184,394506,b'12'
417996,408162,b'12'
428667,451233,b'12'
425386,379634,b'12'
388202,405780,b'12'
370955,325071,b'12'
353749,391896,b'12'
398629,401626,b'12'
393402,401018,b'12'
465599,383470,b'12'
400257,404936,b'12'
444610,400247,b'12'
392046,391220,b'12'
410506,395586,b'12'
508805,429073,b'12'
424782,449687,b'12'
384467,407359,b'12'
397399,403186,b'12'
449683,388863,b'12'
387756,435588,b'12'
451753,383440,b'12'
414448,429790,b'12'
394599,409068,b'12'
387330,409037,b'12'
402109,430185,b'12'
393825,453067,b'12'
412111,418466,b'12'
397213,377839,b'12'
361159,436327,b'12'
383075,447616,b'12'
383832,340506,b'12'
402227,414685,b'12'
411957,397796,b'12'
377408,395123,b'12'
417231,381303,b'12'
442915,420573,b'12'
415394,396940,b'12'
420792,430901,b'12'
397791,444527,b'12'
385804,393101,b'12'
384572,388523,b'12'
402069,434868,b'12'
414997,432597,b'12'
392919,405103,b'12'
396150,430329,b'12'
439145,407748,b'12'
401240,354085,b'12'
424228,442208,b'12'
336023,416862,b'12'
351352,362910,b'12'
413549,408517,b'12'
341775,425156,b'12'
424811,413300,b'12'
402677,412615,b'12'
419118,421655,b'12'
354601,358760,b'12'
410682,349328,b'12'
399020,404042,b'12'
392258,405478,b'12'
353941,399967,b'12'
411471,446824,b'12'
397158,370362,b'12'
431117,394746,b'12'
395246,392783,b'12'
400468,405703,b'12'
354094,424230,b'12'
352429,359750,b'12'
358830,431609,b'12'
387039,365758,b'12'
395013,387179,b'12'
400545,404212,b'12'
435067,403802,b'12'
394436,450912,b'12'
376444,371957,b'12'
433463,410297,b'12'
426625,475977,b'12'
424241,452915,b'12'
396520,405610,b'12'
347638,429109,b'12'
374797,407601,b'12'
451670,388347,b'12'
373684,418326,b'12'
412615,403902,b'12'
392428,402295,b'12'
389868,410718,b'12'
383022,409854,b'12'
468350,395883,b'12'
373339,398565,b'12'
383878,376230,b'12'
434815,388041,b'12'
368864,411216,b'12'
321050,422497,b'12'
276794,384458,b'12'
383197,409869,b'12'
381340,409680,b'12'
415521,368125,b'12'
404288,349685,b'12'
367922,415238,b'12'
422056,382193,b'12'
407334,445969,b'12'
373917,427628,b'12'
422261,374345,b'12'
392728,411341,b'12'
336585,420977,b'12'
401730,354294,b'12'
401854,402867,b'12'
401330,395538,b'12'
393903,387227,b'12'
399188,402459,b'12'
389510,370897,b'12'
399858,403574,b'12'
343651,438750,b'12'
388743,388465,b'12'
398246,406245,b'12'
400727,396769,b'12'
399077,403968,b'12'
402071,427626,b'12'
405902,394724,b'12'
383992,398245,b'12'
372230,412488,b'12'
418086,394699,b'12'
400305,466024,b'12'
380458,329635,b'12'
338347,337961,b'12'
411171,426853,b'12'
392447,408539,b'12'
375233,399429,b'12'
385338,440797,b'12'
397764,406712,b'12'
414290,393146,b'12'
394846,407130,b'12'
402252,414628,b'12'
332913,385678,b'12'
396517,394572,b'12'
388479,343648,b'12'
405569,411933,b'12'
444816,409502,b'12'
393659,439272,b'12'
415222,434798,b'12'
396621,381952,b'12'
416893,347737,b'12'
398980,407667,b'12'
404273,429948,b'12'
397851,400846,b'12'
447192,359893,b'12'
350428,392503,b'12'
451853,420873,b'12'
402566,415798,b'12'
362753,369848,b'12'
407188,396576,b'12'
380139,434251,b'12'
409167,449719,b'12'
405470,392374,b'12'
359036,365793,b'12'
398617,402424,b'12'
408714,391412,b'12'
382222,441817,b'12'
403751,385539,b'12'
400548,402390,b'12'
393828,404314,b'12'
373943,376926,b'12'
390182,360941,b'12'
391776,409868,b'12'
342501,336320,b'12'
401923,417123,b'12'
342400,426090,b'12'
405325,407466,b'12'
369480,377148,b'12'
416110,374296,b'12'
401162,412142,b'12'
442931,430123,b'12'
478361,409520,b'12'
401313,405195,b'12'
357466,354094,b'12'
417617,414816,b'12'
417281,410881,b'12'
470047,410943,b'12'
378824,430343,b'12'
369227,397853,b'12'
397918,462032,b'12'
397331,407010,b'12'
427810,400178,b'12'
401708,409924,b'12'
426172,363147,b'12'
401411,414503,b'12'
409823,412908,b'12'
386068,422517,b'12'
398255,405428,b'12'
346358,384801,b'12'
397735,448097,b'12'
348847,425164,b'12'
394761,461494,b'12'
357253,388075,b'12'
402267,410395,b'12'
415233,441297,b'12'
404445,402466,b'12'
408224,399767,b'12'
369044,371649,b'12'
343119,382074,b'12'
416750,435776,b'12'
387103,401925,b'12'
368200,364844,b'12'
393758,439738,b'12'
418623,404382,b'12'
402660,406054,b'12'
427749,457110,b'12'
405356,391545,b'12'
432184,395118,b'12'
322936,368566,b'12'
402710,424367,b'12'
456025,389630,b'12'
395450,407822,b'12'
377941,403683,b'12'
407576,434017,b'12'
348263,386451,b'12'
391966,387214,b'12'
392576,406460,b'12'
380236,460907,b'12'
398153,407081,b'12'
399942,385908,b'12'
398795,472619,b'12'
467535,416014,b'12'
377758,413906,b'12'
398724,404179,b'12'
396710,378698,b'12'
377588,402670,b'12'
408992,462226,b'12'
423371,373970,b'12'
412861,434751,b'12'
403160,392159,b'12'
395168,404189,b'12'
399346,423786,b'12'
409244,460295,b'12'
429515,393708,b'12'
370602,353215,b'12'
356739,417826,b'12'
408147,436628,b'12'
436362,379677,b'12'
399291,386712,b'12'
396081,396707,b'12'
419200,403389,b'12'
383855,390984,b'12'
370252,347498,b'12'
460198,402706,b'12'
418046,358461,b'12'
408500,393942,b'12'
397618,404912,b'12'
392660,395873,b'12'
406739,400918,b'12'
439048,403700,b'12'
392424,375266,b'12'
379128,418858,b'12'
391970,419802,b'12'
389279,424006,b'12'
468907,448885,b'12'
410601,410653,b'12'
396556,406492,b'12'
417795,405673,b'12'
375971,427549,b'12'
414374,439977,b'12'
368363,409733,b'12'
402081,407514,b'12'
399753,404222,b'12'
424840,479570,b'12'
381863,416651,b'12'
394606,401451,b'12'
389520,406500,b'12'
418140,415328,b'12'
387461,394402,b'12'
391384,413273,b'12'
391439,399819,b'12'
365223,422531,b'12'
407189,437102,b'12'
415933,422485,b'12'
402031,426039,b'12'
428513,456990,b'12'
382396,405483,b'12'
368166,429422,b'12'
418636,440000,b'12'
411674,402377,b'12'
424365,371987,b'12'
394159,411676,b'12'
371548,414612,b'12'
460628,434107,b'12'
399717,403257,b'12'
361875,448199,b'12'
393424,399084,b'12'
333682,401078,b'12'
377870,377550,b'12'
405117,364266,b'12'
452398,378671,b'12'
397889,398501,b'12'
424089,352640,b'12'
417494,392231,b'12'
402851,395579,b'12'
376493,366302,b'12'
460684,371809,b'12'
449571,387141,b'12'
405322,414743,b'12'
420489,448078,b'12'
377975,461076,b'12'
492551,434649,b'12'
477323,384551,b'12'
359740,379592,b'12'
429653,438596,b'12'
361814,411086,b'12'
400660,404811,b'12'
410418,409414,b'12'
392162,355397,b'12'
376145,414107,b'12'
371464,328177,b'12'
379593,380662,b'12'
448231,384406,b'12'
404157,406324,b'12'
420616,401526,b'12'
398985,413427,b'12'
400538,407020,b'12'
391530,398743,b'12'
408182,408351,b'12'
435926,408504,b'12'
411090,435389,b'12'
398311,383357,b'12'
409291,431539,b'12'
399460,399410,b'12'
400473,408327,b'12'
399693,395271,b'12'
431437,436764,b'12'
312123,419763,b'12'
411053,432808,b'12'
401616,404245,b'12'
364455,436191,b'12'
407833,402474,b'12'
367864,442851,b'12'
437870,375761,b'12'
308726,371721,b'12'
418996,389541,b'12'
371498,393120,b'12'
407429,399155,b'12'
380749,403860,b'12'
399997,411205,b'12'
377215,418429,b'12'
380202,396671,b'12'
436034,385951,b'12'
395210,357805,b'12'
415136,446807,b'12'
315013,318367,b'12'
372424,413163,b'12'
340966,420480,b'12'
354767,417464,b'12'
387165,404027,b'12'
854654,549222,b'6'
889260,541423,b'6'
870826,524625,b'6'
868025,569296,b'6'
861364,598127,b'6'
825141,535997,b'6'
906640,587296,b'6'
906396,535803,b'6'
887896,558572,b'6'
817776,525600,b'6'
844066,546029,b'6'
848976,558706,b'6'
897131,604582,b'6'
845120,549830,b'6'
872241,556733,b'6'
857818,534525,b'6'
794265,594573,b'6'
857126,548151,b'6'
842786,614034,b'6'
889975,589361,b'6'
841130,529745,b'6'
813561,583156,b'6'
855603,542414,b'6'
887556,531797,b'6'
837032,509264,b'6'
852037,649724,b'5'
793791,581315,b'6'
904450,533427,b'6'
879722,550246,b'6'
839088,528460,b'6'
869369,536868,b'6'
871873,509094,b'6'
900991,497149,b'6'
919544,541255,b'6'
860520,544023,b'6'
863042,557890,b'6'
889805,522039,b'6'
879031,489881,b'6'
852918,552112,b'6'
903840,586229,b'6'
932662,537069,b'6'
908506,549611,b'6'
867533,542290,b'6'
844617,499013,b'6'
862002,534006,b'6'
883981,607581,b'6'
864265,549505,b'6'
883062,547498,b'6'
860870,546516,b'6'
895565,501871,b'6'
843344,604964,b'6'
864059,545894,b'6'
830888,544022,b'6'
858819,544904,b'6'
853562,531620,b'6'
873791,606643,b'6'
859213,538040,b'6'
841843,503359,b'6'
842719,506205,b'6'
847904,574114,b'6'
863859,546898,b'6'
888919,535805,b'6'
855045,547633,b'6'
863102,545783,b'6'
829747,530312,b'6'
850607,565348,b'6'
810277,520837,b'6'
879104,595389,b'6'
840406,538772,b'6'
838367,536676,b'6'
837457,518745,b'6'
861519,531277,b'6'
816056,542574,b'6'
862534,547936,b'6'
808555,600511,b'6'
862571,550965,b'6'
832010,554080,b'6'
882403,534710,b'6'
840020,568424,b'6'
865030,541150,b'6'
846594,522941,b'6'
890223,556874,b'6'
873136,513309,b'6'
846622,553552,b'6'
905770,531812,b'6'
803216,577565,b'6'
914183,620056,b'6'
877510,555087,b'6'
861193,573954,b'6'
840994,578455,b'6'
875640,561262,b'6'
876782,536438,b'6'
849501,552769,b'6'
866973,550375,b'6'
906382,534459,b'6'
822722,553764,b'6'
861656,545794,b'6'
856991,546255,b'6'
865081,551012,b'6'
895680,609341,b'6'
867801,548156,b'6'
846324,557586,b'6'
840059,534876,b'6'
860473,545982,b'6'
937823,540173,b'6'
886532,500026,b'6'
904133,534915,b'6'
880545,506175,b'6'
833499,504718,b'6'
854979,539793,b'6'
818739,545052,b'6'
825596,639465,b'5'
838036,542999,b'6'
846216,528037,b'6'
850790,525740,b'6'
864040,538985,b'6'
869818,543227,b'6'
879309,561548,b'6'
860563,534839,b'6'
846082,541026,b'6'
860151,543055,b'6'
847292,559228,b'6'
838239,576018,b'6'
837307,548214,b'6'
853093,586321,b'6'
884326,479802,b'6'
838978,622330,b'6'
842903,567914,b'6'
832490,450680,b'6'
844948,563321,b'6'
859577,544625,b'6'
908409,591215,b'6'
819843,570485,b'6'
875625,599766,b'6'
887780,536497,b'6'
884613,507507,b'6'
849858,524682,b'6'
846741,539481,b'6'
870630,516603,b'6'
843111,581603,b'6'
869718,536928,b'6'
857648,511640,b'6'
881571,532467,b'6'
860230,528054,b'6'
861966,562885,b'6'
898736,548642,b'6'
961951,577029,b'6'
866878,501919,b'6'
874791,559085,b'6'
874239,594786,b'6'
915504,527751,b'6'
758172,608152,b'6'
859515,505303,b'6'
861033,507671,b'6'
837880,444574,b'6'
827672,545966,b'6'
869960,562146,b'6'
858151,548242,b'6'
877440,529137,b'6'
821835,564313,b'6'
846371,578530,b'6'
829482,475863,b'6'
860507,526669,b'6'
878696,530134,b'6'
837312,572687,b'6'
886773,509047,b'6'
879805,547494,b'6'
859679,541785,b'6'
910683,612854,b'6'
860863,546060,b'6'
874110,541972,b'6'
790149,565157,b'6'
873984,580836,b'6'
873742,448214,b'6'
894785,440382,b'6'
874312,574582,b'6'
879902,518647,b'6'
851462,526597,b'6'
839012,550376,b'6'
808097,502521,b'6'
879500,590791,b'6'
864721,548447,b'6'
866044,584750,b'6'
876151,582116,b'6'
819250,517655,b'6'
807278,566392,b'6'
872033,558924,b'6'
894268,532597,b'6'
846752,613846,b'6'
850478,566230,b'6'
849777,531138,b'6'
823584,568458,b'6'
823202,619103,b'6'
843715,568319,b'6'
861023,545953,b'6'
889743,560547,b'6'
862785,579661,b'6'
880833,537039,b'6'
854374,550707,b'6'
842616,515205,b'6'
860721,547751,b'6'
831024,505776,b'6'
829240,591428,b'6'
860384,555572,b'6'
853348,525893,b'6'
849118,571562,b'6'
856167,542249,b'6'
853874,560250,b'6'
838808,524944,b'6'
814561,575281,b'6'
773292,531652,b'6'
891515,520429,b'6'
805884,549492,b'6'
833437,556713,b'6'
843432,490725,b'6'
791355,529644,b'6'
865157,562132,b'6'
920249,551171,b'6'
808777,512952,b'6'
898916,630099,b'6'
863706,491401,b'6'
857231,551055,b'6'
877413,541536,b'6'
838821,563842,b'6'
854037,528890,b'6'
824475,518063,b'6'
857360,562228,b'6'
856437,532452,b'6'
862117,600081,b'6'
839280,539324,b'6'
885379,603686,b'6'
859185,553000,b'6'
865020,550686,b'6'
882007,593653,b'6'
861027,546004,b'6'
846772,509036,b'6'
844627,556401,b'6'
861069,548327,b'6'
854342,541611,b'6'
844086,531300,b'6'
923996,594948,b'6'
832154,559403,b'6'
803202,549001,b'6'
856619,544008,b'6'
897286,558004,b'6'
851216,516166,b'6'
858537,548576,b'6'
828001,524067,b'6'
849327,548496,b'6'
858278,544519,b'6'
793875,473793,b'6'
766617,548142,b'6'
847728,576707,b'6'
858418,546935,b'6'
816840,539239,b'6'
852687,540692,b'6'
861927,562723,b'6'
892382,513991,b'6'
811745,461099,b'6'
800152,576217,b'6'
870139,566584,b'6'
859492,572224,b'6'
830226,483466,b'6'
850674,533083,b'6'
834632,541216,b'6'
899052,526048,b'6'
925485,596955,b'6'
893145,551400,b'6'
839493,521150,b'6'
883434,581923,b'6'
873380,495161,b'6'
765011,607246,b'6'
898578,612291,b'6'
906772,510158,b'6'
858325,586062,b'6'
795909,462864,b'6'
812634,554848,b'6'
846841,533595,b'6'
810817,509540,b'6'
826192,577784,b'6'
856552,545271,b'6'
848628,503773,b'6'
784291,581417,b'6'
890613,567037,b'6'
870936,575427,b'6'
851166,532382,b'6'
871544,592403,b'6'
870337,534303,b'6'
819580,545900,b'6'
912649,498734,b'6'
870214,556246,b'6'
853279,560714,b'6'
857319,543529,b'6'
878519,606677,b'6'
858057,542933,b'6'
860375,544804,b'6'
888111,525539,b'6'
892877,544283,b'6'
788776,582930,b'6'
875311,542259,b'6'
875248,462524,b'6'
835831,555864,b'6'
885828,586348,b'6'
916704,609548,b'6'
893991,544467,b'6'
866352,535933,b'6'
872247,494281,b'6'
832372,600070,b'6'
902302,514170,b'6'
877298,565604,b'6'
873636,510687,b'6'
854818,554389,b'6'
915666,506439,b'6'
905849,524809,b'6'
862062,545736,b'6'
871981,649086,b'5'
900829,590250,b'6'
859419,546754,b'6'
855983,534803,b'6'
916082,517633,b'6'
874877,535143,b'6'
885963,528959,b'6'
853439,518568,b'6'
855177,626376,b'6'
814249,488483,b'6'
857283,548467,b'6'
865489,548920,b'6'
913686,576892,b'6'
880275,564545,b'6'
861381,546835,b'6'
880958,588608,b'6'
868979,528502,b'6'
872237,555834,b'6'
861868,549168,b'6'
836951,546244,b'6'
836874,555991,b'6'
769546,554722,b'6'
855074,542557,b'6'
868128,568529,b'6'
878859,540155,b'6'
852267,498220,b'6'
874125,543036,b'6'
846646,548548,b'6'
851517,541076,b'6'
806888,492319,b'6'
831779,577161,b'6'
860259,545444,b'6'
892423,530999,b'6'
838442,506780,b'6'
853291,557685,b'6'
730887,825972,b'4'
645233,927201,b'4'
645563,819480,b'4'
573324,878802,b'4'
693699,822637,b'4'
649412,856993,b'4'
684558,878573,b'4'
656658,854609,b'4'
651506,856097,b'4'
618405,842859,b'4'
667280,765619,b'4'
600996,890782,b'4'
674463,862486,b'4'
676694,851597,b'4'
620685,880813,b'4'
716590,874975,b'4'
721401,951880,b'4'
657094,857640,b'4'
644693,867371,b'4'
633601,861482,b'4'
673646,857346,b'4'
657184,855509,b'4'
708244,871834,b'4'
659081,860560,b'4'
657811,885904,b'4'
642843,909185,b'4'
709303,897538,b'4'
610505,851476,b'4'
612648,772280,b'4'
673196,812941,b'4'
673267,883727,b'4'
694451,863981,b'4'
678869,902492,b'4'
690018,819280,b'4'
677983,890077,b'4'
639997,865965,b'4'
709254,847444,b'4'
679799,858680,b'4'
664355,831472,b'4'
659166,861665,b'4'
692386,863386,b'4'
688076,833905,b'4'
680506,840053,b'4'
641840,886745,b'4'
673292,857105,b'4'
622212,860015,b'4'
736557,897961,b'4'
668234,886696,b'4'
675013,876331,b'4'
675902,853961,b'4'
695092,820091,b'4'
730287,897070,b'4'
691716,873426,b'4'
722404,952207,b'4'
678606,878004,b'4'
664156,846474,b'4'
688118,911574,b'4'
674492,861230,b'4'
675382,836312,b'4'
664639,925795,b'4'
626334,852383,b'4'
669690,842110,b'4'
653177,819935,b'4'
674265,861435,b'4'
677404,883871,b'4'
672212,860894,b'4'
715956,900724,b'4'
674236,877152,b'4'
679818,860064,b'4'
578509,923881,b'4'
680381,823757,b'4'
720629,816515,b'4'
640210,902029,b'4'
671772,860357,b'4'
618009,867493,b'4'
672628,882986,b'4'
680261,863401,b'4'
682100,853708,b'4'
681049,846975,b'4'
668567,856554,b'4'
656957,871011,b'4'
662293,872590,b'4'
673953,835926,b'4'
718544,888401,b'4'
648590,917839,b'4'
699124,824089,b'4'
668367,855686,b'4'
675866,868784,b'4'
700098,894685,b'4'
683156,877209,b'4'
661357,801817,b'4'
789095,895634,b'4'
673332,857517,b'4'
627452,835854,b'4'
672059,860501,b'4'
665048,854911,b'4'
683580,872374,b'4'
668839,882598,b'4'
682510,905902,b'4'
671235,856653,b'4'
680228,843225,b'4'
662249,918050,b'4'
674961,865594,b'4'
679211,886670,b'4'
676220,858214,b'4'
567861,856582,b'4'
668228,858122,b'4'
682241,850176,b'4'
712262,856869,b'4'
671325,856592,b'4'
680592,858526,b'4'
683098,847245,b'4'
646816,829778,b'4'
675633,863416,b'4'
677551,860007,b'4'
683656,842406,b'4'
678195,860537,b'4'
700747,821557,b'4'
679054,898217,b'4'
676360,866112,b'4'
665308,868551,b'4'
665775,845662,b'4'
660459,860658,b'4'
670119,859029,b'4'
672068,874862,b'4'
644301,925034,b'4'
704574,866263,b'4'
665660,828338,b'4'
680579,836946,b'4'
682053,853410,b'4'
672544,859978,b'4'
713088,880834,b'4'
680969,838864,b'4'
674151,853540,b'4'
664903,839150,b'4'
641902,755287,b'4'
683610,910782,b'4'
676962,897430,b'4'
594720,848457,b'4'
658748,777680,b'4'
700341,869730,b'4'
640432,837036,b'4'
668519,860048,b'4'
672668,861428,b'4'
638004,837697,b'4'
673071,856021,b'4'
668772,858570,b'4'
636871,929410,b'4'
599612,859210,b'4'
739318,810528,b'4'
654937,781879,b'4'
663095,949045,b'4'
658734,883214,b'4'
647968,877873,b'4'
682699,851115,b'4'
684739,884934,b'4'
667620,855461,b'4'
616281,845406,b'4'
697161,840318,b'4'
679237,862389,b'4'
664260,859029,b'4'
674121,858589,b'4'
700962,927047,b'4'
723397,859761,b'4'
648230,857418,b'4'
677896,867053,b'4'
680828,839011,b'4'
680757,826912,b'4'
673826,880137,b'4'
694897,834591,b'4'
683585,905984,b'4'
671609,815681,b'4'
669748,863109,b'4'
674659,860894,b'4'
659734,844127,b'4'
656156,868643,b'4'
653258,860766,b'4'
684131,898331,b'4'
666516,859837,b'4'
655237,871554,b'4'
653592,959882,b'4'
659280,845579,b'4'
646422,900526,b'4'
627580,840406,b'4'
604546,847329,b'4'
631316,837043,b'4'
705518,925936,b'4'
662898,884734,b'4'
718088,852181,b'4'
666315,872311,b'4'
710082,881600,b'4'
674433,860605,b'4'
685821,816579,b'4'
678856,850293,b'4'
669427,846395,b'4'
687043,806921,b'4'
657981,866945,b'4'
676480,860779,b'4'
704065,832648,b'4'
669178,866011,b'4'
693783,860206,b'4'
683027,876064,b'4'
670957,810768,b'4'
674134,908464,b'4'
637665,858741,b'4'
664325,877878,b'4'
664025,801796,b'4'
672800,874378,b'4'
685124,873363,b'4'
674496,870664,b'4'
684602,823981,b'4'
677769,841641,b'4'
651576,865180,b'4'
650720,817440,b'4'
674472,860330,b'4'
673028,860593,b'4'
683413,861559,b'4'
669638,842011,b'4'
674365,860819,b'4'
687360,862438,b'4'
662684,813662,b'4'
673242,886958,b'4'
674311,859933,b'4'
595580,798572,b'4'
636769,854047,b'4'
685551,798742,b'4'
663945,828490,b'4'
717187,883275,b'4'
706906,885612,b'4'
675988,841317,b'4'
671976,864630,b'4'
669366,869654,b'4'
651216,815098,b'4'
676767,832479,b'4'
657879,857942,b'4'
665828,868934,b'4'
674905,876286,b'4'
640000,863831,b'4'
672818,881943,b'4'
634800,823669,b'4'
658590,886551,b'4'
639463,847461,b'4'
625416,868848,b'4'
672266,862875,b'4'
723173,872525,b'4'
688098,908495,b'4'
673410,863889,b'4'
679788,889464,b'4'
615826,863168,b'4'
598671,854219,b'4'
753254,840123,b'4'
669430,905798,b'4'
726847,875488,b'4'
648443,845340,b'4'
674114,970756,b'4'
675551,956849,b'4'
677459,896720,b'4'
634004,895206,b'4'
653745,809028,b'4'
682420,846881,b'4'
666636,858686,b'4'
682481,879399,b'4'
656834,885944,b'4'
718257,857481,b'4'
672598,856928,b'4'
693997,774817,b'4'
612392,916853,b'4'
671444,860206,b'4'
671404,857240,b'4'
689628,868984,b'4'
704570,845515,b'4'
652233,886054,b'4'
705929,851313,b'4'
682315,843851,b'4'
667131,849230,b'4'
707894,904500,b'4'
649345,864613,b'4'
629998,877765,b'4'
659542,840985,b'4'
621278,888326,b'4'
682304,876841,b'4'
679747,860939,b'4'
663049,843538,b'4'
672876,844123,b'4'
689948,850548,b'4'
696257,894819,b'4'
629377,853726,b'4'
658034,897179,b'4'
696808,866039,b'4'
699668,863774,b'4'
669697,859388,b'4'
606506,766728,b'4'
672474,868765,b'4'
697011,856357,b'4'
708262,945359,b'4'
653181,886417,b'4'
674521,861127,b'4'
729194,856897,b'4'
663168,859429,b'4'
644843,838626,b'4'
672797,843231,b'4'
680677,868629,b'4'
614497,830844,b'4'
646671,857872,b'4'
679242,853941,b'4'
665697,929571,b'4'
749941,916922,b'4'
602365,916673,b'4'
684537,843821,b'4'
694308,904062,b'4'
731712,878998,b'4'
667713,847241,b'4'
730383,879136,b'4'
689363,817577,b'4'
728743,850843,b'4'
683941,915579,b'4'
722463,882675,b'4'
670519,870010,b'4'
683252,858182,b'4'
669288,860515,b'4'
675357,870850,b'4'
673449,860643,b'4'
687325,883004,b'4'
603472,894573,b'4'
669713,851017,b'4'
693362,837786,b'4'
605535,925341,b'4'
687078,791051,b'4'
672387,800443,b'4'
683048,937776,b'4'
713579,879202,b'4'
571669,873544,b'4'
695260,824882,b'4'
702654,841548,b'4'
601619,825604,b'4'
564416,878492,b'4'
703773,870419,b'4'
674931,870112,b'4'
673140,864863,b'4'
681053,892766,b'4'
683321,873932,b'4'
701017,931252,b'4'
645677,814395,b'4'
677362,853471,b'4'
659046,930099,b'4'
665426,853940,b'4'
691827,863963,b'4'
650661,861267,b'4'
599647,858702,b'4'
684091,842566,b'4'
